burst,correction_type,target,random_seed,model,roc_auc,accuracy,balanced_acc,f1_score,precision,recall,time
Burst_1,rotbasal,Behaviour,42,RF,0.8942203972823479,0.6806083650190115,0.3908425285517757,0.6521194300955842,0.6654441957812095,0.6806083650190115,0.27190589904785156
Burst_1,rotbasal,Behaviour,42,XGB,0.891298170985027,0.6730038022813688,0.3960247948123413,0.6570474363563962,0.6583798267800485,0.6730038022813688,0.46855616569519043
Burst_1,rotbasal,Behaviour,42,SVC,0.6512793613497879,0.3688212927756654,0.12372448979591837,0.20080270384452895,0.13795605607639394,0.3688212927756654,0.18034076690673828
Burst_1,rotbasal,Behaviour,100,RF,0.9018718758540786,0.6920152091254753,0.41775085034013604,0.6733016013982627,0.681847714100658,0.6920152091254753,0.28734755516052246
Burst_1,rotbasal,Behaviour,100,XGB,0.9152967808640396,0.6768060836501901,0.4181193310657596,0.6660415658504165,0.670094553014404,0.6768060836501901,0.46471166610717773
Burst_1,rotbasal,Behaviour,100,SVC,0.7073537264769608,0.3688212927756654,0.12372448979591837,0.20136204285245238,0.13848462334105446,0.3688212927756654,0.18402647972106934
Burst_1,rotbasal,Behaviour,123,RF,0.8896120318064545,0.6806083650190115,0.4046311287502435,0.6622040650405742,0.6928342454170147,0.6806083650190115,0.2834329605102539
Burst_1,rotbasal,Behaviour,123,XGB,0.8860782879025426,0.7034220532319392,0.43756080939954684,0.6902847819369043,0.6960507938433478,0.7034220532319392,0.512138843536377
Burst_1,rotbasal,Behaviour,123,SVC,0.6437312897114205,0.3726235741444867,0.1277567478604345,0.2085057229999348,0.19741998455778448,0.3726235741444867,0.18730688095092773
Burst_1,rotbasal,Behaviour,1234,RF,0.8962802448464271,0.7110266159695817,0.47553987345035176,0.6959598251504167,0.7099337593452625,0.7110266159695817,0.2804436683654785
Burst_1,rotbasal,Behaviour,1234,XGB,0.9033791912910597,0.7224334600760456,0.5041819957028024,0.7158302050493719,0.7248775667569802,0.7224334600760456,0.46546387672424316
Burst_1,rotbasal,Behaviour,1234,SVC,0.6611261879299053,0.3726235741444867,0.125,0.20231086020033073,0.13884832800821179,0.3726235741444867,0.18493390083312988
Burst_1,rotbasal,Behaviour,123456,RF,0.9092157892136844,0.7110266159695817,0.5801524123705708,0.6956232494646625,0.7017189599833304,0.7110266159695817,0.2741832733154297
Burst_1,rotbasal,Behaviour,123456,XGB,0.9158729429289912,0.7186311787072244,0.6022541697401852,0.7124272429630826,0.7169969812096264,0.7186311787072244,0.47312068939208984
Burst_1,rotbasal,Behaviour,123456,SVC,0.7067485223339056,0.3726235741444867,0.125,0.20231086020033073,0.13884832800821179,0.3726235741444867,0.18236446380615234
Burst_1,rotdaily,Behaviour,42,RF,0.8891816754686457,0.6768060836501901,0.3930400943250729,0.6436340047789676,0.6616177270740395,0.6768060836501901,0.272477388381958
Burst_1,rotdaily,Behaviour,42,XGB,0.8910808382995073,0.6692015209125475,0.5200045849405963,0.6444581697772296,0.6489984653819505,0.6692015209125475,0.4637324810028076
Burst_1,rotdaily,Behaviour,42,SVC,0.6770099842778798,0.3688212927756654,0.12648123765635286,0.20903449347774167,0.17902408111533585,0.3688212927756654,0.19393324851989746
Burst_1,rotdaily,Behaviour,100,RF,0.892733497863925,0.6844106463878327,0.420656179138322,0.6585479171756792,0.6727828262908531,0.6844106463878327,0.2882254123687744
Burst_1,rotdaily,Behaviour,100,XGB,0.9005600333795845,0.6806083650190115,0.427749433106576,0.6658901353299843,0.6674527496016941,0.6806083650190115,0.46335816383361816
Burst_1,rotdaily,Behaviour,100,SVC,0.5312212917800619,0.376425855513308,0.12648809523809523,0.21095303749511707,0.45930393485133225,0.376425855513308,0.19732999801635742
Burst_1,rotdaily,Behaviour,123,RF,0.8966371266571868,0.7110266159695817,0.5363155496685006,0.6867966926155874,0.7120002772856775,0.7110266159695817,0.2673168182373047
Burst_1,rotdaily,Behaviour,123,XGB,0.8894549754779134,0.7034220532319392,0.5400165782727134,0.6879409496649866,0.6968892172484553,0.7034220532319392,0.4828634262084961
Burst_1,rotdaily,Behaviour,123,SVC,0.7075911656857313,0.38022813688212925,0.1280120481927711,0.21885746630364022,0.45603977771278154,0.38022813688212925,0.1945202350616455
Burst_1,rotdaily,Behaviour,1234,RF,0.8995523245093199,0.6768060836501901,0.44063657251344635,0.6593090530647195,0.6681875792141951,0.6768060836501901,0.26184511184692383
Burst_1,rotdaily,Behaviour,1234,XGB,0.8876546640148377,0.7110266159695817,0.4684639231712895,0.6996335856468303,0.7069160607143288,0.7110266159695817,0.4868428707122803
Burst_1,rotdaily,Behaviour,1234,SVC,0.6152258528131072,0.3840304182509506,0.13204430625728722,0.22734234517705287,0.391773066433894,0.3840304182509506,0.19515562057495117
Burst_1,rotdaily,Behaviour,123456,RF,0.9126649728918655,0.7224334600760456,0.4636453979182035,0.6998275853903722,0.7147543449131878,0.7224334600760456,0.27689695358276367
Burst_1,rotdaily,Behaviour,123456,XGB,0.9040139910945042,0.6958174904942965,0.4846796198399039,0.6898096569423693,0.6925472707867144,0.6958174904942965,0.46309471130371094
Burst_1,rotdaily,Behaviour,123456,SVC,0.5775873585660869,0.38022813688212925,0.13090320465535613,0.22584527240794114,0.35601829847908745,0.38022813688212925,0.19928956031799316
Burst_1,uncorrected,Behaviour,42,RF,0.8960051462212774,0.688212927756654,0.4340894409324813,0.6660055798813703,0.6685318550437622,0.688212927756654,0.26021766662597656
Burst_1,uncorrected,Behaviour,42,XGB,0.9007534969029971,0.7110266159695817,0.46566896288247134,0.6971474506807471,0.6974439244957653,0.7110266159695817,0.4450356960296631
Burst_1,uncorrected,Behaviour,42,SVC,0.8229398116095178,0.5703422053231939,0.32095983230706454,0.490370302269335,0.6080751562602529,0.5703422053231939,0.1735379695892334
Burst_1,uncorrected,Behaviour,100,RF,0.9311930210256355,0.7300380228136882,0.48040674603174605,0.7184042918672577,0.7145818299060245,0.7300380228136882,0.27080845832824707
Burst_1,uncorrected,Behaviour,100,XGB,0.9257921085165637,0.7224334600760456,0.49010770975056694,0.7139260537969346,0.7105153993967928,0.7224334600760456,0.45761942863464355
Burst_1,uncorrected,Behaviour,100,SVC,0.8539149893976229,0.5855513307984791,0.289328231292517,0.5051569169231256,0.5143319977769114,0.5855513307984791,0.17127585411071777
Burst_1,uncorrected,Behaviour,123,RF,0.9221433198330541,0.7452471482889734,0.5709314793737161,0.7287512822183697,0.7402880747400504,0.7452471482889734,0.2715888023376465
Burst_1,uncorrected,Behaviour,123,XGB,0.914833028183507,0.7376425855513308,0.56595280617753,0.7236474955130761,0.7311338317112905,0.7376425855513308,0.47118067741394043
Burst_1,uncorrected,Behaviour,123,SVC,0.8255157386076201,0.5475285171102662,0.2869274442514407,0.47138809736902326,0.463889966633041,0.5475285171102662,0.17527318000793457
Burst_1,uncorrected,Behaviour,1234,RF,0.8981936789522675,0.7072243346007605,0.4501069617508877,0.6870278533515337,0.7010690140318048,0.7072243346007605,0.26319193840026855
Burst_1,uncorrected,Behaviour,1234,XGB,0.8871929378509248,0.6730038022813688,0.4284895093871206,0.6524540730698132,0.661755062093334,0.6730038022813688,0.4434530735015869
Burst_1,uncorrected,Behaviour,1234,SVC,0.8466042400949582,0.5817490494296578,0.305073101270564,0.508533818301831,0.5437019658603673,0.5817490494296578,0.17856240272521973
Burst_1,uncorrected,Behaviour,123456,RF,0.9258433100175286,0.779467680608365,0.6322995212141082,0.7610425884179995,0.7986056723263536,0.779467680608365,0.26367831230163574
Burst_1,uncorrected,Behaviour,123456,XGB,0.9309556555548907,0.7642585551330798,0.5171271821981804,0.7540204533944282,0.7581526643864235,0.7642585551330798,0.4485304355621338
Burst_1,uncorrected,Behaviour,123456,SVC,0.8445025034875985,0.55893536121673,0.2993784662459361,0.48430290956943317,0.5680912498474734,0.55893536121673,0.1760423183441162
Burst_2,rotbasal,Behaviour,42,RF,0.8925928905666998,0.6927374301675978,0.59957244496415,0.6689651459563963,0.6932725280217694,0.6927374301675978,0.6078176498413086
Burst_2,rotbasal,Behaviour,42,XGB,0.8987771570869408,0.7094972067039106,0.6419627735295939,0.6961925253958515,0.7212149058917843,0.7094972067039106,0.707136869430542
Burst_2,rotbasal,Behaviour,42,SVC,0.6619340727415248,0.36312849162011174,0.12436224489795919,0.19472827457603806,0.13303398945334932,0.36312849162011174,0.6057932376861572
Burst_2,rotbasal,Behaviour,100,RF,0.9071202079654939,0.6797020484171322,0.5017521520977741,0.647955706664128,0.6550383442860528,0.6797020484171322,0.5878479480743408
Burst_2,rotbasal,Behaviour,100,XGB,0.9070536248171235,0.7169459962756052,0.5487283997364643,0.701857846199356,0.7146104098570905,0.7169459962756052,0.6663286685943604
Burst_2,rotbasal,Behaviour,100,SVC,0.5871834775221608,0.3649906890130354,0.125,0.1951928377805046,0.13321820306621032,0.3649906890130354,0.5984704494476318
Burst_2,rotbasal,Behaviour,123,RF,0.9051886218963489,0.7188081936685289,0.5454592770260973,0.6956067079641948,0.7138934130999564,0.7188081936685289,0.5792343616485596
Burst_2,rotbasal,Behaviour,123,XGB,0.9100334114798259,0.7281191806331471,0.6417363422547755,0.7178878800556402,0.7243750272942576,0.7281191806331471,0.6637043952941895
Burst_2,rotbasal,Behaviour,123,SVC,0.6336977481887218,0.3649906890130354,0.125,0.1951928377805046,0.13321820306621032,0.3649906890130354,0.6077229976654053
Burst_2,rotbasal,Behaviour,1234,RF,0.9021060938423969,0.6964618249534451,0.5731332703394916,0.6754853391991009,0.6778295045580155,0.6964618249534451,0.5983090400695801
Burst_2,rotbasal,Behaviour,1234,XGB,0.9050249499711718,0.7057728119180633,0.6073526032339396,0.693893461839538,0.7096931029763027,0.7057728119180633,0.6632406711578369
Burst_2,rotbasal,Behaviour,1234,SVC,0.7143739227028041,0.3743016759776536,0.15811805322173986,0.21972189358303917,0.3397144630664184,0.3743016759776536,0.6081616878509521
Burst_2,rotbasal,Behaviour,123456,RF,0.8933278900976223,0.6797020484171322,0.499434497274359,0.6535799134734348,0.6607722319173501,0.6797020484171322,0.5913999080657959
Burst_2,rotbasal,Behaviour,123456,XGB,0.8941987286333766,0.6741154562383612,0.5186326506314985,0.6577911403123449,0.6693463171645516,0.6741154562383612,0.6640031337738037
Burst_2,rotbasal,Behaviour,123456,SVC,0.6652301034636969,0.3649906890130354,0.12511982065553495,0.1984080658315159,0.28666527436955047,0.3649906890130354,0.6054315567016602
Burst_2,rotdaily,Behaviour,42,RF,0.892518716189201,0.6797020484171322,0.6073519766204099,0.6593720097768784,0.669728999344067,0.6797020484171322,0.5849096775054932
Burst_2,rotdaily,Behaviour,42,XGB,0.8950490659283443,0.6834264432029795,0.5426361976477184,0.6690219256398469,0.6762836530992097,0.6834264432029795,0.6680033206939697
Burst_2,rotdaily,Behaviour,42,SVC,0.4736819886508694,0.3649906890130354,0.125,0.1951928377805046,0.13321820306621032,0.3649906890130354,0.647444486618042
Burst_2,rotdaily,Behaviour,100,RF,0.9091662006668664,0.7243947858472998,0.5383604842418206,0.7018652360542431,0.7027633592861251,0.7243947858472998,0.5767562389373779
Burst_2,rotdaily,Behaviour,100,XGB,0.9045877579627091,0.7169459962756052,0.5332344306998684,0.6991742977150496,0.7024855350623507,0.7169459962756052,0.6659493446350098
Burst_2,rotdaily,Behaviour,100,SVC,0.5256886170482375,0.3649906890130354,0.12691326530612246,0.1985733657254642,0.17890695290105244,0.3649906890130354,0.6442201137542725
Burst_2,rotdaily,Behaviour,123,RF,0.903185365644923,0.7039106145251397,0.5396549622932112,0.6800538816980902,0.6851493857756088,0.7039106145251397,0.5707504749298096
Burst_2,rotdaily,Behaviour,123,XGB,0.9045937952752791,0.707635009310987,0.5558820787507424,0.6933686077985487,0.707066939734562,0.707635009310987,0.6612975597381592
Burst_2,rotdaily,Behaviour,123,SVC,0.5316428085931783,0.37057728119180633,0.1326530612244898,0.2065235776952315,0.22521429219062764,0.37057728119180633,0.6354508399963379
Burst_2,rotdaily,Behaviour,1234,RF,0.8981502976687327,0.6852886405959032,0.5610375191884409,0.6625672293637465,0.6614046762621317,0.6852886405959032,0.578289270401001
Burst_2,rotdaily,Behaviour,1234,XGB,0.9041769971071646,0.7039106145251397,0.5913088959171908,0.6844918429524002,0.7016277385732901,0.7039106145251397,0.6690473556518555
Burst_2,rotdaily,Behaviour,1234,SVC,0.4187446835653415,0.37057728119180633,0.1326530612244898,0.2065235776952315,0.22521429219062764,0.37057728119180633,0.6355111598968506
Burst_2,rotdaily,Behaviour,123456,RF,0.8931672174772851,0.6945996275605214,0.5145631793961287,0.6722440411363884,0.6765592697853715,0.6945996275605214,0.5728132724761963
Burst_2,rotdaily,Behaviour,123456,XGB,0.8941385104720364,0.707635009310987,0.534449958643507,0.6915576245025832,0.703461184198879,0.707635009310987,0.654590368270874
Burst_2,rotdaily,Behaviour,123456,SVC,0.48511551251459406,0.3687150837988827,0.13010204081632654,0.20288356128905158,0.22496388729354844,0.3687150837988827,0.6358232498168945
Burst_2,uncorrected,Behaviour,42,RF,0.9121595712976501,0.7094972067039106,0.6491857189149816,0.6968048537963997,0.718359010090328,0.7094972067039106,0.5641965866088867
Burst_2,uncorrected,Behaviour,42,XGB,0.9172077464107194,0.7225325884543762,0.6389863848389195,0.7101568098809302,0.7159238209864731,0.7225325884543762,0.6274068355560303
Burst_2,uncorrected,Behaviour,42,SVC,0.8536320899525344,0.5772811918063314,0.34501762318582596,0.5086725673997539,0.5358535652075781,0.5772811918063314,0.5269732475280762
Burst_2,uncorrected,Behaviour,100,RF,0.9200104557887834,0.7057728119180633,0.5516169698197347,0.6841323094835767,0.6991707184045608,0.7057728119180633,0.5664467811584473
Burst_2,uncorrected,Behaviour,100,XGB,0.9175539520738647,0.7281191806331471,0.6343611010085664,0.7164426331825753,0.7267819298327223,0.7281191806331471,0.6543192863464355
Burst_2,uncorrected,Behaviour,100,SVC,0.8725257640222462,0.595903165735568,0.36317670744514063,0.5349814520790225,0.5786374050806081,0.595903165735568,0.5248837471008301
Burst_2,uncorrected,Behaviour,123,RF,0.9213847065369764,0.7299813780260708,0.6268350249341033,0.7137360112573089,0.7142933845240469,0.7299813780260708,0.5626604557037354
Burst_2,uncorrected,Behaviour,123,XGB,0.9171177440996016,0.7243947858472998,0.6297742675910879,0.7119679420872307,0.7199943666567072,0.7243947858472998,0.645885705947876
Burst_2,uncorrected,Behaviour,123,SVC,0.8493307782715799,0.5828677839851024,0.37098499938361684,0.5244709114968084,0.5536759673658479,0.5828677839851024,0.5206007957458496
Burst_2,uncorrected,Behaviour,1234,RF,0.9181582620845282,0.7206703910614525,0.6075383397964044,0.703544184876158,0.7310148208620358,0.7206703910614525,0.5664563179016113
Burst_2,uncorrected,Behaviour,1234,XGB,0.9234768474667552,0.7206703910614525,0.6046075596190803,0.7080381543336435,0.7129875226153064,0.7206703910614525,0.6414036750793457
Burst_2,uncorrected,Behaviour,1234,SVC,0.8620528903168818,0.5977653631284916,0.3709692733022226,0.5458654413734652,0.5681519491634941,0.5977653631284916,0.5092065334320068
Burst_2,uncorrected,Behaviour,123456,RF,0.9074244815977399,0.7262569832402235,0.5752499420702186,0.7115048974163782,0.7475573791534214,0.7262569832402235,0.5667638778686523
Burst_2,uncorrected,Behaviour,123456,XGB,0.9024875274831873,0.7001862197392924,0.5359867059463834,0.6856902838565144,0.7063501408131504,0.7001862197392924,0.6506145000457764
Burst_2,uncorrected,Behaviour,123456,SVC,0.8627593823389222,0.590316573556797,0.34771856407801105,0.5272450556334818,0.5711625979178828,0.590316573556797,0.5139880180358887
Burst_3,rotbasal,Behaviour,42,RF,0.8878310287138305,0.6891891891891891,0.5140224595916125,0.6677028607891733,0.6832170300507128,0.6891891891891891,0.935701847076416
Burst_3,rotbasal,Behaviour,42,XGB,0.8927932743409773,0.6867321867321867,0.516886522628563,0.6728695318612493,0.6859870260628561,0.6867321867321867,0.8301353454589844
Burst_3,rotbasal,Behaviour,42,SVC,0.7679623094501815,0.45085995085995084,0.19280330932503953,0.36083560334147824,0.3841991341991342,0.45085995085995084,1.3199846744537354
Burst_3,rotbasal,Behaviour,100,RF,0.9080633026996783,0.7125307125307125,0.515479443240705,0.6857952583244064,0.6919854264455535,0.7125307125307125,0.9157214164733887
Burst_3,rotbasal,Behaviour,100,XGB,0.9053755807796683,0.7051597051597052,0.5402260848412646,0.6866708111903397,0.6982578490493743,0.7051597051597052,0.82131028175354
Burst_3,rotbasal,Behaviour,100,SVC,0.7811445308631461,0.47911547911547914,0.19979045791576486,0.39433063780889865,0.4605915159826365,0.47911547911547914,1.3242788314819336
Burst_3,rotbasal,Behaviour,123,RF,0.8999240525891845,0.7125307125307125,0.5394946412817487,0.684309652833943,0.7132944247784833,0.7125307125307125,0.9420962333679199
Burst_3,rotbasal,Behaviour,123,XGB,0.9065053871459666,0.714987714987715,0.5426603949835802,0.6963432571943728,0.7107314885585225,0.714987714987715,0.824408769607544
Burst_3,rotbasal,Behaviour,123,SVC,0.7713529155324593,0.4705159705159705,0.21854701321062428,0.3854254072307291,0.45651854060967434,0.4705159705159705,1.3433146476745605
Burst_3,rotbasal,Behaviour,1234,RF,0.8928094835456064,0.6941031941031941,0.4731867899184332,0.6721033738481597,0.687909470420805,0.6941031941031941,0.9366366863250732
Burst_3,rotbasal,Behaviour,1234,XGB,0.8920841673984656,0.7088452088452089,0.5257236859262262,0.6939398363230501,0.7169030279669667,0.7088452088452089,0.8256897926330566
Burst_3,rotbasal,Behaviour,1234,SVC,0.7517318742551267,0.4238329238329238,0.17738991651661484,0.33215564033978356,0.35691344371041955,0.4238329238329238,1.3166310787200928
Burst_3,rotbasal,Behaviour,123456,RF,0.907288589703296,0.7137592137592138,0.48451661905980037,0.6881329785079519,0.7009443472807048,0.7137592137592138,0.9724788665771484
Burst_3,rotbasal,Behaviour,123456,XGB,0.9089054399723917,0.7027027027027027,0.5136137208930391,0.6830070006001864,0.6955292324863038,0.7027027027027027,0.824164867401123
Burst_3,rotbasal,Behaviour,123456,SVC,0.7757820412730968,0.4557739557739558,0.20013436459867953,0.36651613922489684,0.37989840995022345,0.4557739557739558,1.3507275581359863
Burst_3,rotdaily,Behaviour,42,RF,0.9051988941494741,0.6953316953316954,0.5311976205905344,0.6717030286182799,0.6769986058766038,0.6953316953316954,0.9304676055908203
Burst_3,rotdaily,Behaviour,42,XGB,0.9085952938707156,0.7027027027027027,0.5694201544814437,0.6831203186068574,0.706537859828486,0.7027027027027027,0.7991368770599365
Burst_3,rotdaily,Behaviour,42,SVC,0.5778799862276358,0.37346437346437344,0.1318359392188856,0.22259021871379467,0.3113415473075073,0.37346437346437344,1.3653044700622559
Burst_3,rotdaily,Behaviour,100,RF,0.9138113843103312,0.730958230958231,0.5485427195155272,0.7019639369124911,0.7378336798146968,0.730958230958231,0.9111030101776123
Burst_3,rotdaily,Behaviour,100,XGB,0.9119715970888576,0.7174447174447175,0.5028407616006426,0.6943786667909531,0.7005698753228033,0.7174447174447175,0.8205811977386475
Burst_3,rotdaily,Behaviour,100,SVC,0.6289127352833227,0.3759213759213759,0.13100295351297309,0.2236112014742475,0.3333388209494404,0.3759213759213759,1.3938686847686768
Burst_3,rotdaily,Behaviour,123,RF,0.9020908444421323,0.7174447174447175,0.5362503558169558,0.6908503572095884,0.6954844021041126,0.7174447174447175,0.9205679893493652
Burst_3,rotdaily,Behaviour,123,XGB,0.904068828029766,0.6965601965601965,0.5064854275021453,0.6724097977016474,0.6894400545162372,0.6965601965601965,0.8214273452758789
Burst_3,rotdaily,Behaviour,123,SVC,0.6000282193971639,0.37346437346437344,0.13192460621293808,0.22390146865541116,0.35344912203319284,0.37346437346437344,1.37013840675354
Burst_3,rotdaily,Behaviour,1234,RF,0.8920826132618578,0.6977886977886978,0.514231960117014,0.6739122590045136,0.6844444455635273,0.6977886977886978,0.9285333156585693
Burst_3,rotdaily,Behaviour,1234,XGB,0.8973199859379206,0.699017199017199,0.5202396135861898,0.6847015690373803,0.6963862752519347,0.699017199017199,0.8072497844696045
Burst_3,rotdaily,Behaviour,1234,SVC,0.5751824214298461,0.371007371007371,0.12840047822972275,0.2193120696160816,0.2998732622150344,0.371007371007371,1.352349042892456
Burst_3,rotdaily,Behaviour,123456,RF,0.915888360361743,0.7272727272727273,0.49925284000846426,0.7028512349990051,0.7073351492866364,0.7272727272727273,0.9192078113555908
Burst_3,rotdaily,Behaviour,123456,XGB,0.9113465307511033,0.7174447174447175,0.5013866222870225,0.696821765674137,0.7193427135010156,0.7174447174447175,0.8040416240692139
Burst_3,rotdaily,Behaviour,123456,SVC,0.6106123923521003,0.37346437346437344,0.13192460621293808,0.2243915731085107,0.325193340460516,0.37346437346437344,1.3748180866241455
Burst_3,uncorrected,Behaviour,42,RF,0.9227866999050468,0.742014742014742,0.5800741173874051,0.7259107364597277,0.7577066212830195,0.742014742014742,0.8753914833068848
Burst_3,uncorrected,Behaviour,42,XGB,0.9238009430363929,0.7481572481572482,0.6085955625222452,0.7381826570793849,0.7513727488074871,0.7481572481572482,0.7980787754058838
Burst_3,uncorrected,Behaviour,42,SVC,0.8631274818333589,0.5884520884520884,0.3305999721702492,0.5285140275612913,0.5666423353643085,0.5884520884520884,1.0760958194732666
Burst_3,uncorrected,Behaviour,100,RF,0.9237389983051603,0.7506142506142506,0.5936106148685487,0.7308854508831506,0.7496856501870829,0.7506142506142506,0.8510398864746094
Burst_3,uncorrected,Behaviour,100,XGB,0.926773460136399,0.7371007371007371,0.6035826070447616,0.7259533053337738,0.7330239272736765,0.7371007371007371,0.796175479888916
Burst_3,uncorrected,Behaviour,100,SVC,0.8720011861313127,0.601965601965602,0.33600746093518524,0.5405513256569322,0.5648601438075123,0.601965601965602,1.0796055793762207
Burst_3,uncorrected,Behaviour,123,RF,0.9147460783827974,0.7235872235872236,0.5696945823633577,0.7018956082657164,0.7332442996857618,0.7235872235872236,0.8654298782348633
Burst_3,uncorrected,Behaviour,123,XGB,0.9130617572266608,0.7211302211302212,0.5939203452872637,0.7103994596820264,0.7197131133092369,0.7211302211302212,0.7801859378814697
Burst_3,uncorrected,Behaviour,123,SVC,0.8551748374240534,0.5847665847665847,0.3332997305716364,0.5210954176371054,0.5460895975031843,0.5847665847665847,1.058699131011963
Burst_3,uncorrected,Behaviour,1234,RF,0.9119897644056847,0.7321867321867321,0.5461969920272781,0.7142183691143169,0.7419601789539644,0.7321867321867321,0.9031412601470947
Burst_3,uncorrected,Behaviour,1234,XGB,0.9117919713979183,0.714987714987715,0.5449437442138256,0.7022854476399385,0.7127690727434016,0.714987714987715,0.8176853656768799
Burst_3,uncorrected,Behaviour,1234,SVC,0.8620139876040211,0.5835380835380836,0.32463581138391306,0.5207749858367673,0.54809776128296,0.5835380835380836,1.0645086765289307
Burst_3,uncorrected,Behaviour,123456,RF,0.920160787538589,0.7407862407862408,0.5206349175925562,0.7165797964561252,0.7516056118002011,0.7407862407862408,0.8802943229675293
Burst_3,uncorrected,Behaviour,123456,XGB,0.923513751808515,0.7432432432432432,0.5498773840460023,0.7284608328633314,0.7453759037097507,0.7432432432432432,0.7769131660461426
Burst_3,uncorrected,Behaviour,123456,SVC,0.8672455524947345,0.5773955773955773,0.3309931382943042,0.5165009172798782,0.556324285078155,0.5773955773955773,1.075669765472412
Burst_4,rotbasal,Behaviour,42,RF,0.8947965712811595,0.6931506849315069,0.48621407303924724,0.6744780738641567,0.7119716967036233,0.6931506849315069,1.3149514198303223
Burst_4,rotbasal,Behaviour,42,XGB,0.8941689879646634,0.6940639269406392,0.5119737651302086,0.6821328383694715,0.699278407257112,0.6940639269406392,1.0146989822387695
Burst_4,rotbasal,Behaviour,42,SVC,0.8262695265625133,0.5333333333333333,0.3011927521795943,0.4815116123750744,0.5094945226324602,0.5333333333333333,2.0879759788513184
Burst_4,rotbasal,Behaviour,100,RF,0.9047709936645855,0.7105022831050228,0.5471486861163719,0.6917757786337135,0.7300237862293909,0.7105022831050228,1.3334167003631592
Burst_4,rotbasal,Behaviour,100,XGB,0.9069717500606814,0.7123287671232876,0.5682722070778379,0.7020582494538815,0.7124716403268292,0.7123287671232876,0.9752421379089355
Burst_4,rotbasal,Behaviour,100,SVC,0.8260680455130643,0.5305936073059361,0.282874279716385,0.4638368839672203,0.5037021885208831,0.5305936073059361,2.176935911178589
Burst_4,rotbasal,Behaviour,123,RF,0.8978428598088252,0.6986301369863014,0.5071912203365376,0.67909943003279,0.7091044815638031,0.6986301369863014,1.3225932121276855
Burst_4,rotbasal,Behaviour,123,XGB,0.9005127526875722,0.7132420091324201,0.5718227713656313,0.7014541551088896,0.7198097934467602,0.7132420091324201,0.9059920310974121
Burst_4,rotbasal,Behaviour,123,SVC,0.7998214764048641,0.5214611872146119,0.27989123449649767,0.45185265311344597,0.492003545795036,0.5214611872146119,2.1422178745269775
Burst_4,rotbasal,Behaviour,1234,RF,0.8996401453788957,0.7031963470319634,0.5160491774307564,0.6806540916076386,0.6935323466687805,0.7031963470319634,1.3431575298309326
Burst_4,rotbasal,Behaviour,1234,XGB,0.9007438093086342,0.6940639269406392,0.5159542472240808,0.6766858870061293,0.6950786560289627,0.6940639269406392,0.9059445858001709
Burst_4,rotbasal,Behaviour,1234,SVC,0.8018580447322555,0.5178082191780822,0.2613480348842191,0.4483217182688232,0.5263010100007344,0.5178082191780822,2.201960802078247
Burst_4,rotbasal,Behaviour,123456,RF,0.9052616536934704,0.7132420091324201,0.5556052776486213,0.6927709091982279,0.7329195251204338,0.7132420091324201,1.3371341228485107
Burst_4,rotbasal,Behaviour,123456,XGB,0.9079755055116998,0.7205479452054795,0.5791038666928761,0.7072870855065945,0.7311782407637919,0.7205479452054795,0.9223513603210449
Burst_4,rotbasal,Behaviour,123456,SVC,0.826136092373231,0.5397260273972603,0.2801401272947326,0.4726652836340994,0.5073526915812059,0.5397260273972603,2.189828634262085
Burst_4,rotdaily,Behaviour,42,RF,0.8914842804034503,0.6785388127853881,0.462090096131795,0.654086351513305,0.6845730085984302,0.6785388127853881,1.1983134746551514
Burst_4,rotdaily,Behaviour,42,XGB,0.8921537406469003,0.6876712328767123,0.4945232560804349,0.671051371239104,0.693524173861897,0.6876712328767123,0.9713239669799805
Burst_4,rotdaily,Behaviour,42,SVC,0.4991571099895389,0.3735159817351598,0.12853365384615384,0.21410007097523254,0.4042803815335787,0.3735159817351598,2.646261215209961
Burst_4,rotdaily,Behaviour,100,RF,0.9091269228069545,0.7068493150684931,0.5184857393530962,0.6791328963217088,0.7025689854312402,0.7068493150684931,1.2316360473632812
Burst_4,rotdaily,Behaviour,100,XGB,0.9142500449225511,0.7232876712328767,0.5643635338188357,0.7073658235622323,0.7186856576535027,0.7232876712328767,0.9316809177398682
Burst_4,rotdaily,Behaviour,100,SVC,0.5212990044194326,0.3744292237442922,0.12899038461538462,0.21742128913764688,0.3720615592761711,0.3744292237442922,2.6667182445526123
Burst_4,rotdaily,Behaviour,123,RF,0.8999143892090523,0.6876712328767123,0.4961135511053274,0.6626214924492263,0.6698845105070379,0.6876712328767123,1.2510654926300049
Burst_4,rotdaily,Behaviour,123,XGB,0.9064097527994781,0.691324200913242,0.5411820004936297,0.6789450698716194,0.6955064414421626,0.691324200913242,0.922645092010498
Burst_4,rotdaily,Behaviour,123,SVC,0.5366997801507821,0.37534246575342467,0.13041335309427415,0.21804440350136542,0.5036295948984607,0.37534246575342467,2.573915481567383
Burst_4,rotdaily,Behaviour,1234,RF,0.9017082131580811,0.7114155251141553,0.5549902500642632,0.6897284911535363,0.6939151043967001,0.7114155251141553,1.2238171100616455
Burst_4,rotdaily,Behaviour,1234,XGB,0.9056464279751089,0.7187214611872146,0.5650196778553978,0.7049006776635325,0.7207716728833429,0.7187214611872146,0.924689531326294
Burst_4,rotdaily,Behaviour,1234,SVC,0.5321213497722664,0.37168949771689497,0.12824754193175247,0.2090689028226281,0.5102881651204924,0.37168949771689497,2.63346266746521
Burst_4,rotdaily,Behaviour,123456,RF,0.9057840481291806,0.7077625570776256,0.5455257871535929,0.6791790476580511,0.7305128578930168,0.7077625570776256,1.2166016101837158
Burst_4,rotdaily,Behaviour,123456,XGB,0.9016972500927237,0.7150684931506849,0.5398168838779327,0.697160972091988,0.7190858819837317,0.7150684931506849,0.9619081020355225
Burst_4,rotdaily,Behaviour,123456,SVC,0.5171974067972673,0.37990867579908677,0.1322643146327357,0.22576643131773313,0.53402405378922,0.37990867579908677,2.6910345554351807
Burst_4,uncorrected,Behaviour,42,RF,0.9088129609398461,0.7132420091324201,0.5674717432800831,0.6984339791153736,0.7327985358390924,0.7132420091324201,1.232663631439209
Burst_4,uncorrected,Behaviour,42,XGB,0.9063061164925965,0.7159817351598173,0.5968728907723684,0.7072823708300369,0.7282265286530589,0.7159817351598173,0.9998595714569092
Burst_4,uncorrected,Behaviour,42,SVC,0.8558097125906114,0.5853881278538813,0.34818836621468197,0.5312007152686304,0.5455129304542657,0.5853881278538813,2.1666641235351562
Burst_4,uncorrected,Behaviour,100,RF,0.9173710108108352,0.7479452054794521,0.6046127812067247,0.731575555689226,0.7635083799871215,0.7479452054794521,1.316711187362671
Burst_4,uncorrected,Behaviour,100,XGB,0.9227178529507646,0.7415525114155251,0.5984961045540573,0.7284745470911599,0.7355885819576748,0.7415525114155251,1.0996828079223633
Burst_4,uncorrected,Behaviour,100,SVC,0.8682838231980933,0.6082191780821918,0.35809733334404387,0.5547947833407292,0.5676546594520402,0.6082191780821918,2.291703701019287
Burst_4,uncorrected,Behaviour,123,RF,0.910235901350351,0.7178082191780822,0.5743902377077688,0.7020206195178496,0.7348701233344773,0.7178082191780822,1.3301548957824707
Burst_4,uncorrected,Behaviour,123,XGB,0.9147700166126779,0.7114155251141553,0.5690114715758098,0.6997717081937015,0.7192426595171604,0.7114155251141553,0.9264097213745117
Burst_4,uncorrected,Behaviour,123,SVC,0.8632160025856521,0.6018264840182649,0.35108376577126577,0.5480348567609461,0.5824034059091718,0.6018264840182649,2.073634386062622
Burst_4,uncorrected,Behaviour,1234,RF,0.9131634926506019,0.7168949771689498,0.5822489369398232,0.6976871494838526,0.7174254742330252,0.7168949771689498,1.3502612113952637
Burst_4,uncorrected,Behaviour,1234,XGB,0.9196333171981207,0.7251141552511415,0.5886482979381586,0.7128716887727578,0.723011545601027,0.7251141552511415,0.9471206665039062
Burst_4,uncorrected,Behaviour,1234,SVC,0.8588872629435347,0.5872146118721461,0.3275366568129726,0.5300567302021661,0.5590459115990251,0.5872146118721461,2.352682590484619
Burst_4,uncorrected,Behaviour,123456,RF,0.9173998657144107,0.7378995433789954,0.6121849080106627,0.7206884501772797,0.7518832023308888,0.7378995433789954,1.3664131164550781
Burst_4,uncorrected,Behaviour,123456,XGB,0.918669162467038,0.7351598173515982,0.6210597280972667,0.726293007603729,0.7383158266145569,0.7351598173515982,0.9333055019378662
Burst_4,uncorrected,Behaviour,123456,SVC,0.873344260030573,0.6063926940639269,0.3555697336289442,0.5539063884857381,0.5722649363277731,0.6063926940639269,2.3483705520629883
