burst,correction_type,target,random_seed,model,params,train_loss,valid_loss,accuracy,roc_auc,balanced_acc,f1_score,precision,recall,time
Burst_1,rotbasal,Behaviour,42,HydraMultiRocketPlus,{},0.10479885339736938,0.8588128089904785,0.738095223903656,0.9477571002659515,0.5840548198855346,0.7228930550973208,0.7367721486229377,0.7380952380952381,48
Burst_1,rotbasal,Behaviour,42,LSTM,"{'n_layers': 6, 'bidirectional': True}",1.4594011306762695,1.5396394729614258,0.37142857909202576,0.5607567709542004,0.13232600732600733,0.2085448916408669,0.1603864734299517,0.37142857142857144,11
Burst_1,rotbasal,Behaviour,42,TSSequencerPlus,{},0.5784453749656677,1.0449283123016357,0.6095238327980042,0.8615739559853387,0.29056851190835875,0.5589968517118222,0.6039475500345066,0.6095238095238096,39
Burst_1,rotbasal,Behaviour,100,HydraMultiRocketPlus,{},0.08350345492362976,0.7028116583824158,0.7571428418159485,0.957066796363236,0.49785794854530124,0.7498978675597324,0.7558402712300185,0.7571428571428571,50
Burst_1,rotbasal,Behaviour,100,LSTM,"{'n_layers': 6, 'bidirectional': True}",1.5049641132354736,1.5237773656845093,0.3761904835700989,0.5470937800596314,0.13392857142857142,0.2109307359307359,0.17261904761904762,0.3761904761904762,11
Burst_1,rotbasal,Behaviour,100,TSSequencerPlus,{},0.7273176312446594,0.9738906025886536,0.6333333253860474,0.8851434353127535,0.3298574093816631,0.5843471843471844,0.5543756755038464,0.6333333333333333,40
Burst_1,rotbasal,Behaviour,123,HydraMultiRocketPlus,{},0.1024661511182785,0.7473369836807251,0.7523809671401978,0.9287027933903289,0.6163101586486307,0.7442318491527125,0.7445746845746845,0.7523809523809524,50
Burst_1,rotbasal,Behaviour,123,LSTM,"{'n_layers': 6, 'bidirectional': True}",1.5149590969085693,1.5106329917907715,0.3761904835700989,0.5235704239349175,0.12686567164179105,0.21360751210574533,0.2051335656213705,0.3761904761904762,11
Burst_1,rotbasal,Behaviour,123,TSSequencerPlus,{},0.4137406647205353,1.0740973949432373,0.6047618985176086,0.8776091111619185,0.32771235458048104,0.5660147907647908,0.5744938019628092,0.6047619047619047,40
Burst_1,rotbasal,Behaviour,1234,HydraMultiRocketPlus,{},0.11449746787548065,0.6320509910583496,0.7523809671401978,0.9632369042991582,0.5489304309856156,0.7467170692021502,0.744678149115124,0.7523809523809524,49
Burst_1,rotbasal,Behaviour,1234,LSTM,"{'n_layers': 6, 'bidirectional': True}",1.532910704612732,1.537347674369812,0.37142857909202576,0.5745096072756151,0.125,0.2011904761904762,0.13795918367346938,0.37142857142857144,11
Burst_1,rotbasal,Behaviour,1234,TSSequencerPlus,{},0.7867487668991089,1.059300184249878,0.6000000238418579,0.8236425213988047,0.33329147531572906,0.5593744310671777,0.5245133951016304,0.6,40
Burst_1,rotbasal,Behaviour,123456,HydraMultiRocketPlus,{},0.1332940310239792,0.7479720115661621,0.723809540271759,0.9498123433458079,0.6349687544061071,0.7178300460996638,0.719687790905836,0.7238095238095238,49
Burst_1,rotbasal,Behaviour,123456,LSTM,"{'n_layers': 6, 'bidirectional': True}",1.5222257375717163,1.5116372108459473,0.380952388048172,0.5529455672971689,0.14285714285714285,0.21926406926406924,0.20595238095238094,0.38095238095238093,11
Burst_1,rotbasal,Behaviour,123456,TSSequencerPlus,{},0.8989066481590271,1.1245079040527344,0.6000000238418579,0.8038690692883597,0.31901703706741025,0.5569397611157668,0.5281888749651907,0.6,40
Burst_1,rotdaily,Behaviour,42,HydraMultiRocketPlus,{},0.1342466026544571,0.8909553289413452,0.6857143044471741,0.9285753042064315,0.47891008735961604,0.6708884583643755,0.6923088615291079,0.6857142857142857,49
Burst_1,rotdaily,Behaviour,42,LSTM,"{'n_layers': 6, 'bidirectional': True}",1.4633296728134155,1.5287944078445435,0.3761904835700989,0.5397395891514902,0.13419167896779838,0.21921103567150219,0.321258226867983,0.3761904761904762,11
Burst_1,rotdaily,Behaviour,42,TSSequencerPlus,{},0.5226143598556519,1.184944748878479,0.5809524059295654,0.8425640121641087,0.29423452790990107,0.5335083546590396,0.5029716963126108,0.580952380952381,40
Burst_1,rotdaily,Behaviour,100,HydraMultiRocketPlus,{},0.08236997574567795,0.7146493196487427,0.7666666507720947,0.9402056394531182,0.5021295345136665,0.7610279543624905,0.7606011635423401,0.7666666666666667,49
Burst_1,rotdaily,Behaviour,100,LSTM,"{'n_layers': 6, 'bidirectional': True}",1.508390188217163,1.4990458488464355,0.3857142925262451,0.5864718265825164,0.15178571428571427,0.22683768244139763,0.20662525879917185,0.38571428571428573,11
Burst_1,rotdaily,Behaviour,100,TSSequencerPlus,{},0.34247371554374695,1.16739022731781,0.6095238327980042,0.8276905154280049,0.31466722021759336,0.5703776401071378,0.5439187796330653,0.6095238095238096,40
Burst_1,rotdaily,Behaviour,123,HydraMultiRocketPlus,{},0.18059402704238892,0.7202087640762329,0.7571428418159485,0.8845669649959977,0.6279389094147538,0.7546413633181244,0.7614192356892943,0.7571428571428571,49
Burst_1,rotdaily,Behaviour,123,LSTM,"{'n_layers': 6, 'bidirectional': True}",1.4894263744354248,1.5125677585601807,0.380952388048172,0.5546023594496018,0.14285714285714285,0.21926406926406924,0.20595238095238094,0.38095238095238093,11
Burst_1,rotdaily,Behaviour,123,TSSequencerPlus,{},0.7655120491981506,1.080345869064331,0.6095238327980042,0.8510783515036103,0.30666635913837403,0.5577141450895604,0.5460869122159445,0.6095238095238096,41
Burst_1,rotdaily,Behaviour,1234,HydraMultiRocketPlus,{},0.12242410331964493,0.669217050075531,0.738095223903656,0.9485583342968125,0.5238048569328027,0.732033340429768,0.7335494505494508,0.7380952380952381,49
Burst_1,rotdaily,Behaviour,1234,LSTM,"{'n_layers': 6, 'bidirectional': True}",1.5129483938217163,1.4977697134017944,0.3857142925262451,0.5692043298013341,0.15178571428571427,0.22683768244139763,0.20662525879917185,0.38571428571428573,11
Burst_1,rotdaily,Behaviour,1234,TSSequencerPlus,{},0.9175000190734863,1.110515832901001,0.5571428537368774,0.8243608177494779,0.31075306844896394,0.5180601797847307,0.49282387978881825,0.5571428571428572,40
Burst_1,rotdaily,Behaviour,123456,HydraMultiRocketPlus,{},0.10617538541555405,0.7612264156341553,0.7476190328598022,0.9215362301380075,0.5216812481836048,0.7398848027097221,0.7459726405148093,0.7476190476190476,49
Burst_1,rotdaily,Behaviour,123456,LSTM,"{'n_layers': 6, 'bidirectional': True}",1.4966171979904175,1.475500226020813,0.4047619104385376,0.5162168175432582,0.1875,0.24936301793444648,0.20175624705327677,0.40476190476190477,11
Burst_1,rotdaily,Behaviour,123456,TSSequencerPlus,{},0.823459804058075,1.1127721071243286,0.5428571701049805,0.8330930827075196,0.29290873927067956,0.5010573764859478,0.47573276733373765,0.5428571428571428,40
Burst_1,uncorrected,Behaviour,42,HydraMultiRocketPlus,{},0.04857712239027023,0.8534052968025208,0.7095237970352173,0.9419351843275989,0.45273079728598187,0.700950408049444,0.7059909115161216,0.7095238095238096,49
Burst_1,uncorrected,Behaviour,42,LSTM,"{'n_layers': 6, 'bidirectional': True}",1.5053502321243286,1.4862260818481445,0.46190476417541504,0.6457429589023195,0.1657099119785687,0.3762137303678138,0.3177671068427371,0.46190476190476193,11
Burst_1,uncorrected,Behaviour,42,TSSequencerPlus,{},0.5604736804962158,0.9898207187652588,0.6476190686225891,0.862262741021701,0.31753316809532445,0.6080467514004915,0.5934057365636313,0.6476190476190476,40
Burst_1,uncorrected,Behaviour,100,HydraMultiRocketPlus,{},0.14565889537334442,0.6173667311668396,0.7952380776405334,0.9626821885207857,0.5240473097209154,0.7905746619216006,0.7950154607297464,0.7952380952380952,49
Burst_1,uncorrected,Behaviour,100,LSTM,"{'n_layers': 6, 'bidirectional': True}",1.5085399150848389,1.5049313306808472,0.380952388048172,0.6773962594418083,0.14285714285714285,0.21899454518649566,0.18440303657694962,0.38095238095238093,11
Burst_1,uncorrected,Behaviour,100,TSSequencerPlus,{},0.31465476751327515,0.8541595935821533,0.7095237970352173,0.8436198540100261,0.4430283066305258,0.691259455199453,0.6859476538786883,0.7095238095238096,41
Burst_1,uncorrected,Behaviour,123,HydraMultiRocketPlus,{},0.09296026825904846,0.6162981390953064,0.7904762029647827,0.9294046560566017,0.6301971292323806,0.7819278216337041,0.7861381950747982,0.7904761904761904,49
Burst_1,uncorrected,Behaviour,123,LSTM,"{'n_layers': 6, 'bidirectional': True}",1.488031029701233,1.5124751329421997,0.380952388048172,0.5471578707451132,0.14285714285714285,0.21926406926406924,0.20595238095238094,0.38095238095238093,11
Burst_1,uncorrected,Behaviour,123,TSSequencerPlus,{},0.772684633731842,1.0035123825073242,0.6666666865348816,0.8383719546016128,0.3438759786953031,0.6241977858056574,0.6295861817518914,0.6666666666666666,41
Burst_1,uncorrected,Behaviour,1234,HydraMultiRocketPlus,{},0.12772230803966522,0.5882028341293335,0.8047618865966797,0.9638700803386435,0.5514391964411604,0.7980179047763529,0.7978692978692978,0.8047619047619048,50
Burst_1,uncorrected,Behaviour,1234,LSTM,"{'n_layers': 6, 'bidirectional': True}",1.504298448562622,1.4808616638183594,0.39047619700431824,0.5862302711865788,0.1607142857142857,0.23281525368190795,0.19465737514518006,0.3904761904761905,11
Burst_1,uncorrected,Behaviour,1234,TSSequencerPlus,{},0.7995287775993347,0.9156886339187622,0.6619047522544861,0.8886713266669015,0.3650407591884418,0.6219802646333258,0.6661334379905809,0.6619047619047619,41
Burst_1,uncorrected,Behaviour,123456,HydraMultiRocketPlus,{},0.22630608081817627,0.6815195679664612,0.7428571581840515,0.9452680912043349,0.6464698629466894,0.7370227608830092,0.7416719054540638,0.7428571428571429,49
Burst_1,uncorrected,Behaviour,123456,LSTM,"{'n_layers': 6, 'bidirectional': True}",1.5329749584197998,1.5096023082733154,0.380952388048172,0.6099528614668872,0.14285714285714285,0.21926406926406924,0.20595238095238094,0.38095238095238093,11
Burst_1,uncorrected,Behaviour,123456,TSSequencerPlus,{},0.7681226134300232,0.9539316892623901,0.6380952596664429,0.8673937405758532,0.3374546170967027,0.598680400564453,0.6485207842600785,0.638095238095238,40
Burst_2,rotbasal,Behaviour,42,HydraMultiRocketPlus,{},0.21861037611961365,0.848030149936676,0.7156177163124084,0.9176258592636819,0.6451635864135864,0.7054124016838721,0.7126269942004931,0.7156177156177156,52
Burst_2,rotbasal,Behaviour,42,LSTM,"{'n_layers': 6, 'bidirectional': True}",1.5644214153289795,1.5706508159637451,0.37062937021255493,0.5107580050853784,0.13839285714285715,0.2075716102985807,0.19843067730391675,0.3706293706293706,19
Burst_2,rotbasal,Behaviour,42,TSSequencerPlus,{},0.8126062750816345,1.0066518783569336,0.6247086524963379,0.8750930145007063,0.3375178987678988,0.5806322711485732,0.5820241037140482,0.6247086247086248,41
Burst_2,rotbasal,Behaviour,100,HydraMultiRocketPlus,{},0.37519118189811707,0.7742612361907959,0.7226107120513916,0.9421209046687244,0.5866779054279054,0.7104997465322133,0.7249481739884414,0.7226107226107226,52
Burst_2,rotbasal,Behaviour,100,LSTM,"{'n_layers': 6, 'bidirectional': True}",1.5393898487091064,1.5380280017852783,0.3613053560256958,0.5542180994374164,0.15495962370962368,0.24867357124851158,0.23938343938343937,0.3613053613053613,19
Burst_2,rotbasal,Behaviour,100,TSSequencerPlus,{},0.7173934578895569,0.9732736945152283,0.6596736311912537,0.8748284332252387,0.38201506826506826,0.6281904647049319,0.630653628567579,0.6596736596736597,41
Burst_2,rotbasal,Behaviour,123,HydraMultiRocketPlus,{},0.23185454308986664,0.7503295540809631,0.745920717716217,0.9434799270841141,0.6742932067932068,0.734565596531686,0.752238688869022,0.745920745920746,52
Burst_2,rotbasal,Behaviour,123,LSTM,"{'n_layers': 6, 'bidirectional': True}",1.5398610830307007,1.539400577545166,0.38461539149284363,0.5034455261950975,0.17574092574092573,0.23071978526523979,0.2100815850815851,0.38461538461538464,18
Burst_2,rotbasal,Behaviour,123,TSSequencerPlus,{},0.7153728604316711,0.948108971118927,0.6620046496391296,0.8798857362387241,0.44533716283716285,0.630619734854684,0.6340091154776469,0.662004662004662,41
Burst_2,rotbasal,Behaviour,1234,HydraMultiRocketPlus,{},0.21911785006523132,0.751814067363739,0.7249417304992676,0.9248086187037424,0.6260651848151848,0.709733477250713,0.7223442244686045,0.7249417249417249,52
Burst_2,rotbasal,Behaviour,1234,LSTM,"{'n_layers': 6, 'bidirectional': True}",1.5592448711395264,1.5505754947662354,0.3776223659515381,0.5390179844295473,0.15178571428571427,0.21898491633328576,0.19937509299211428,0.3776223776223776,18
Burst_2,rotbasal,Behaviour,1234,TSSequencerPlus,{},0.6936721801757812,0.9367355108261108,0.6480186581611633,0.8960707615054573,0.37713453213453213,0.6159988973175786,0.6248497293951839,0.6480186480186481,41
Burst_2,rotbasal,Behaviour,123456,HydraMultiRocketPlus,{},0.2688300311565399,0.8043584227561951,0.7296037077903748,0.8819061978395546,0.5031443556443557,0.7142999705054751,0.7190519759227351,0.7296037296037297,52
Burst_2,rotbasal,Behaviour,123456,LSTM,"{'n_layers': 6, 'bidirectional': True}",1.5672848224639893,1.5694547891616821,0.3752913773059845,0.5634264752641404,0.14732142857142858,0.21475834647411773,0.17553665653428127,0.3752913752913753,19
Burst_2,rotbasal,Behaviour,123456,TSSequencerPlus,{},0.7801678776741028,1.0189412832260132,0.6107226014137268,0.876508800039897,0.3380486180486181,0.5717709527350351,0.5718608314762161,0.6107226107226107,41
Burst_2,rotdaily,Behaviour,42,HydraMultiRocketPlus,{},0.15060126781463623,0.8253105282783508,0.7202796936035156,0.9266314876047874,0.5978800366300366,0.7115306002917259,0.7169856482125448,0.7202797202797203,53
Burst_2,rotdaily,Behaviour,42,LSTM,"{'n_layers': 6, 'bidirectional': True}",1.5625355243682861,1.5650084018707275,0.3729603588581085,0.5324257783011922,0.14285714285714285,0.2114338465435644,0.18600518977877467,0.372960372960373,18
Burst_2,rotdaily,Behaviour,42,TSSequencerPlus,{},0.8168619871139526,1.0725024938583374,0.61771559715271,0.8584685657116919,0.3803267565767566,0.5668290966875084,0.5377409252915326,0.6177156177156177,41
Burst_2,rotdaily,Behaviour,100,HydraMultiRocketPlus,{},0.19487646222114563,0.7541844844818115,0.7062937021255493,0.9419650205998777,0.5553001165501166,0.6902719310900319,0.7051284191114999,0.7062937062937062,52
Burst_2,rotdaily,Behaviour,100,LSTM,"{'n_layers': 6, 'bidirectional': True}",1.5479968786239624,1.5304754972457886,0.38461539149284363,0.545872114968673,0.16517857142857142,0.22585114416100335,0.17224123677578848,0.38461538461538464,18
Burst_2,rotdaily,Behaviour,100,TSSequencerPlus,{},0.7693760395050049,1.006227970123291,0.6223776340484619,0.8730086428208186,0.3381343656343656,0.5728021878668839,0.5356246377288286,0.6223776223776224,41
Burst_2,rotdaily,Behaviour,123,HydraMultiRocketPlus,{},0.35071104764938354,0.7111746668815613,0.748251736164093,0.9541847333753883,0.6053750416250416,0.7379042400288511,0.7503084726155772,0.7482517482517482,52
Burst_2,rotdaily,Behaviour,123,LSTM,"{'n_layers': 6, 'bidirectional': True}",1.550489902496338,1.529115915298462,0.3869463801383972,0.574642265514,0.16964285714285715,0.23112680523562326,0.19504578356252994,0.38694638694638694,18
Burst_2,rotdaily,Behaviour,123,TSSequencerPlus,{},0.8594213128089905,0.9920021295547485,0.6363636255264282,0.8806314779701736,0.35179528804528803,0.5847254462353282,0.5430905798432827,0.6363636363636364,41
Burst_2,rotdaily,Behaviour,1234,HydraMultiRocketPlus,{},0.19192619621753693,0.7268801331520081,0.7365967631340027,0.9419144766183132,0.6358054445554446,0.7274176271152786,0.7332203578216336,0.7365967365967366,52
Burst_2,rotdaily,Behaviour,1234,LSTM,"{'n_layers': 6, 'bidirectional': True}",1.5183000564575195,1.5098236799240112,0.39393940567970276,0.6335069087093554,0.16603188478188477,0.262100868889532,0.34458978929567163,0.3939393939393939,19
Burst_2,rotdaily,Behaviour,1234,TSSequencerPlus,{},0.9191917777061462,1.038565993309021,0.6410256624221802,0.8547754526254784,0.340470362970363,0.5851397689570215,0.5462245215694331,0.6410256410256411,40
Burst_2,rotdaily,Behaviour,123456,HydraMultiRocketPlus,{},0.38940948247909546,0.7791666984558105,0.7132866978645325,0.8714726870692504,0.53007326007326,0.7028619215386788,0.7051492114156623,0.7132867132867133,52
Burst_2,rotdaily,Behaviour,123456,LSTM,"{'n_layers': 6, 'bidirectional': True}",1.589699149131775,1.5901185274124146,0.3636363744735718,0.46073192979694627,0.125,0.19393939393939394,0.1322314049586777,0.36363636363636365,18
Burst_2,rotdaily,Behaviour,123456,TSSequencerPlus,{},0.941123902797699,1.1200321912765503,0.5897436141967773,0.8440123695708995,0.31444472194472195,0.5388640011553272,0.5053269683588612,0.5897435897435898,41
Burst_2,uncorrected,Behaviour,42,HydraMultiRocketPlus,{},0.2841610908508301,0.6992635726928711,0.752913773059845,0.9496617482357534,0.6933703796203796,0.7482687414546882,0.7546475379808713,0.752913752913753,50
Burst_2,uncorrected,Behaviour,42,LSTM,"{'n_layers': 6, 'bidirectional': True}",1.5450094938278198,1.5348188877105713,0.38461539149284363,0.5482143339377175,0.16561563436563437,0.23874889375043581,0.368606151130423,0.38461538461538464,18
Burst_2,uncorrected,Behaviour,42,TSSequencerPlus,{},0.6856973767280579,0.9158594608306885,0.6643356680870056,0.8997301721664415,0.39259573759573757,0.6302266761958014,0.6377559567147945,0.6643356643356644,40
Burst_2,uncorrected,Behaviour,100,HydraMultiRocketPlus,{},0.3376093804836273,0.7297322750091553,0.7435897588729858,0.9493524683083358,0.6791529304029305,0.7336236364106803,0.7532433840463529,0.7435897435897436,53
Burst_2,uncorrected,Behaviour,100,LSTM,"{'n_layers': 6, 'bidirectional': True}",1.541856050491333,1.5458697080612183,0.3729603588581085,0.6505432555349608,0.14285714285714285,0.21120655584323408,0.17172085418530916,0.372960372960373,19
Burst_2,uncorrected,Behaviour,100,TSSequencerPlus,{},0.6675736308097839,0.8862380385398865,0.6643356680870056,0.9037611832222037,0.3944376456876457,0.635237609056996,0.631449232963051,0.6643356643356644,42
Burst_2,uncorrected,Behaviour,123,HydraMultiRocketPlus,{},0.2908792793750763,0.6867817640304565,0.7319347262382507,0.9578847970003521,0.6508666333666333,0.7241257225354994,0.7334456953919246,0.7319347319347319,53
Burst_2,uncorrected,Behaviour,123,LSTM,"{'n_layers': 6, 'bidirectional': True}",1.5600289106369019,1.5328017473220825,0.38461539149284363,0.5348506454483549,0.16517857142857142,0.22872172872172875,0.20033300033300036,0.38461538461538464,19
Burst_2,uncorrected,Behaviour,123,TSSequencerPlus,{},0.32020100951194763,0.8836053013801575,0.692307710647583,0.9208422653088375,0.47000790875790877,0.6743923280731687,0.6961865142492792,0.6923076923076923,41
Burst_2,uncorrected,Behaviour,1234,HydraMultiRocketPlus,{},0.24474580585956573,0.6676456332206726,0.7692307829856873,0.948044601197133,0.7084798534798534,0.7649512057590474,0.7684963037199626,0.7692307692307693,53
Burst_2,uncorrected,Behaviour,1234,LSTM,"{'n_layers': 6, 'bidirectional': True}",1.544655442237854,1.557321548461914,0.3729603588581085,0.6297367043052744,0.14652014652014653,0.2134979084719119,0.17467291220260342,0.372960372960373,18
Burst_2,uncorrected,Behaviour,1234,TSSequencerPlus,{},0.5826336145401001,0.8553959727287292,0.6783216595649719,0.9143290184125008,0.43563311688311684,0.6556201890760444,0.6787811119361921,0.6783216783216783,42
Burst_2,uncorrected,Behaviour,123456,HydraMultiRocketPlus,{},0.19499704241752625,0.7216330766677856,0.7296037077903748,0.8889787889961585,0.512062937062937,0.7202429271902919,0.7249502650252362,0.7296037296037297,52
Burst_2,uncorrected,Behaviour,123456,LSTM,"{'n_layers': 6, 'bidirectional': True}",1.4906628131866455,1.5068879127502441,0.44988346099853516,0.5981809182665523,0.17258782883782883,0.3663046846070719,0.37565686346174154,0.44988344988344986,18
Burst_2,uncorrected,Behaviour,123456,TSSequencerPlus,{},0.6495872139930725,0.9238174557685852,0.6596736311912537,0.9013436295051418,0.40210997335997345,0.6330883202162078,0.6634495471802624,0.6596736596736597,42
Burst_3,rotbasal,Behaviour,42,HydraMultiRocketPlus,{},0.32731539011001587,0.8689648509025574,0.6953846216201782,0.9224867140509487,0.5875192944374812,0.6860904469645279,0.7103919956868538,0.6953846153846154,53
Burst_3,rotbasal,Behaviour,42,LSTM,"{'n_layers': 6, 'bidirectional': True}",1.5011396408081055,1.5186047554016113,0.383076936006546,0.5798086333894303,0.15935851084619895,0.2261791863782621,0.18958207147183526,0.3830769230769231,26
Burst_3,rotbasal,Behaviour,42,TSSequencerPlus,{},0.9037476181983948,1.0661333799362183,0.618461549282074,0.8508175556233903,0.3753998315972656,0.5815662196581364,0.5842846169341895,0.6184615384615385,59
Burst_3,rotbasal,Behaviour,100,HydraMultiRocketPlus,{},0.08537954092025757,0.8807315826416016,0.7292307615280151,0.9161350299642552,0.6029973277560718,0.7095667761211325,0.7188718370481869,0.7292307692307692,53
Burst_3,rotbasal,Behaviour,100,LSTM,"{'n_layers': 6, 'bidirectional': True}",1.4518237113952637,1.4760843515396118,0.39846155047416687,0.6442652759225896,0.19380849034840375,0.3435674252449822,0.33754976088602906,0.3984615384615385,26
Burst_3,rotbasal,Behaviour,100,TSSequencerPlus,{},0.49610966444015503,0.9716824889183044,0.6523076891899109,0.8862444288249354,0.4698161715726682,0.6263864234812629,0.6239697623986965,0.6523076923076923,60
Burst_3,rotbasal,Behaviour,123,HydraMultiRocketPlus,{},0.21350307762622833,0.8946218490600586,0.6969230771064758,0.9112515527597618,0.5204280347389874,0.6819539438504493,0.6890799201188424,0.696923076923077,53
Burst_3,rotbasal,Behaviour,123,LSTM,"{'n_layers': 6, 'bidirectional': True}",1.604300856590271,1.6050903797149658,0.3661538362503052,0.5732292118655795,0.125,0.19627165627165627,0.13406863905325445,0.36615384615384616,26
Burst_3,rotbasal,Behaviour,123,TSSequencerPlus,{},0.753795325756073,0.9504484534263611,0.6692307591438293,0.8900840655142197,0.448953075263153,0.642705497590685,0.6477132463026255,0.6692307692307692,59
Burst_3,rotbasal,Behaviour,1234,HydraMultiRocketPlus,{},0.28029462695121765,0.9286895394325256,0.6861538290977478,0.913476219131223,0.5690755953544209,0.676253034367504,0.7004852365776367,0.6861538461538461,52
Burst_3,rotbasal,Behaviour,1234,LSTM,"{'n_layers': 6, 'bidirectional': True}",1.293481469154358,1.3924213647842407,0.436923086643219,0.7390779612886005,0.2578672132867835,0.4028564079774825,0.41813483599868323,0.4369230769230769,26
Burst_3,rotbasal,Behaviour,1234,TSSequencerPlus,{},0.8967514038085938,1.047513484954834,0.6123076677322388,0.8663024469294605,0.4103370857216816,0.5872708722076219,0.594733960887807,0.6123076923076923,60
Burst_3,rotbasal,Behaviour,123456,HydraMultiRocketPlus,{},0.19620005786418915,0.8546422123908997,0.7138461470603943,0.9053819610183951,0.5720330743986701,0.7003114133342928,0.7267213009636153,0.7138461538461538,53
Burst_3,rotbasal,Behaviour,123456,LSTM,"{'n_layers': 6, 'bidirectional': True}",1.5984739065170288,1.6051156520843506,0.3661538362503052,0.5498253747780011,0.125,0.19627165627165627,0.13406863905325445,0.36615384615384616,26
Burst_3,rotbasal,Behaviour,123456,TSSequencerPlus,{},0.6903025507926941,0.9656782150268555,0.6692307591438293,0.8861973966652155,0.419171528923687,0.6351625242010783,0.6458689096451334,0.6692307692307692,60
Burst_3,rotdaily,Behaviour,42,HydraMultiRocketPlus,{},0.15642495453357697,0.8447996973991394,0.7184615135192871,0.9167094711529666,0.5822982915626471,0.7079953655090033,0.7157889337494021,0.7184615384615385,53
Burst_3,rotdaily,Behaviour,42,LSTM,"{'n_layers': 6, 'bidirectional': True}",1.6043113470077515,1.6050877571105957,0.3661538362503052,0.5460766985609635,0.125,0.19627165627165627,0.13406863905325445,0.36615384615384616,25
Burst_3,rotdaily,Behaviour,42,TSSequencerPlus,{},0.7899012565612793,0.9996145367622375,0.6323077082633972,0.8780709791611767,0.40771957926377406,0.5948592572328105,0.5888375515868217,0.6323076923076923,60
Burst_3,rotdaily,Behaviour,100,HydraMultiRocketPlus,{},0.2994040250778198,0.7643512487411499,0.7538461685180664,0.9257040062845012,0.5947927461988467,0.7402375652394529,0.7593305519729512,0.7538461538461538,53
Burst_3,rotdaily,Behaviour,100,LSTM,"{'n_layers': 6, 'bidirectional': True}",1.4589241743087769,1.4636414051055908,0.446153849363327,0.6445230739060905,0.2026014161784665,0.36703594564606806,0.38803382370800305,0.4461538461538462,26
Burst_3,rotdaily,Behaviour,100,TSSequencerPlus,{},0.9374986886978149,1.0081276893615723,0.6553846001625061,0.8717783389191456,0.41376997310552127,0.6005070928838346,0.5633396034948611,0.6553846153846153,60
Burst_3,rotdaily,Behaviour,123,HydraMultiRocketPlus,{},0.2858855724334717,0.854688823223114,0.7092307806015015,0.9053568033383679,0.5043758020344,0.6894312890095459,0.6840718895867789,0.7092307692307692,53
Burst_3,rotdaily,Behaviour,123,LSTM,"{'n_layers': 6, 'bidirectional': True}",1.5831423997879028,1.5950422286987305,0.3707692325115204,0.5229297774392172,0.13372093023255813,0.20560493516303666,0.18451417004048581,0.3707692307692308,26
Burst_3,rotdaily,Behaviour,123,TSSequencerPlus,{},0.9618678689002991,1.050120234489441,0.6138461828231812,0.8656744340821998,0.35251814970174117,0.5611319858255679,0.5567705074461674,0.6138461538461538,60
Burst_3,rotdaily,Behaviour,1234,HydraMultiRocketPlus,{},0.18780164420604706,0.9163827896118164,0.7015384435653687,0.9191013519579858,0.5480703306414365,0.6942025803091966,0.7013453882244461,0.7015384615384616,53
Burst_3,rotdaily,Behaviour,1234,LSTM,"{'n_layers': 6, 'bidirectional': True}",1.1950535774230957,1.2717926502227783,0.5215384364128113,0.7957764013547116,0.25114985529095357,0.4686384409418588,0.4483448738013802,0.5215384615384615,26
Burst_3,rotdaily,Behaviour,1234,TSSequencerPlus,{},0.8575048446655273,1.063622236251831,0.6046153903007507,0.85945911764572,0.37047188122495023,0.5598721693293498,0.6345934328466022,0.6046153846153847,60
Burst_3,rotdaily,Behaviour,123456,HydraMultiRocketPlus,{},0.24364511668682098,0.8333377838134766,0.7138461470603943,0.9070009779843732,0.5959431205162604,0.7044839515656617,0.716241950145227,0.7138461538461538,53
Burst_3,rotdaily,Behaviour,123456,LSTM,"{'n_layers': 6, 'bidirectional': True}",1.4184590578079224,1.502959966659546,0.4138461649417877,0.6502223267683248,0.17550108706273207,0.33504185369545597,0.3268944277324166,0.41384615384615386,26
Burst_3,rotdaily,Behaviour,123456,TSSequencerPlus,{},0.9010740518569946,1.0389424562454224,0.626153826713562,0.86743494134187,0.35674721342025184,0.5714443017046928,0.5624985516502462,0.6261538461538462,60
Burst_3,uncorrected,Behaviour,42,HydraMultiRocketPlus,{},0.3014492094516754,0.7530738115310669,0.7430769205093384,0.9392491323468375,0.653718345661398,0.7341616279891057,0.7460736213846689,0.7430769230769231,52
Burst_3,uncorrected,Behaviour,42,LSTM,"{'n_layers': 6, 'bidirectional': True}",1.557390570640564,1.553460717201233,0.42461538314819336,0.6176107318409042,0.16545688042658926,0.3083772886799728,0.3877979784720399,0.4246153846153846,26
Burst_3,uncorrected,Behaviour,42,TSSequencerPlus,{},0.5759790539741516,0.8565008044242859,0.6953846216201782,0.9137010687304827,0.4760057906271444,0.6794467040008924,0.6940280290459082,0.6953846153846154,60
Burst_3,uncorrected,Behaviour,100,HydraMultiRocketPlus,{},0.10801676660776138,0.7820481657981873,0.755384624004364,0.9269456355807778,0.6163096029415438,0.7435911532578715,0.7539964596806702,0.7553846153846154,53
Burst_3,uncorrected,Behaviour,100,LSTM,"{'n_layers': 6, 'bidirectional': True}",0.8794653415679932,1.140807867050171,0.607692301273346,0.8379911948917051,0.36317470791866313,0.5748426893123885,0.5755738266420649,0.6076923076923076,25
Burst_3,uncorrected,Behaviour,100,TSSequencerPlus,{},0.43464288115501404,0.847224235534668,0.7169230580329895,0.9186144847200568,0.5442841630226142,0.6948097366695274,0.7208253326240897,0.7169230769230769,61
Burst_3,uncorrected,Behaviour,123,HydraMultiRocketPlus,{},0.10135043412446976,0.8856227397918701,0.7138461470603943,0.9163955862764964,0.5876692707376708,0.7037080547326627,0.7154247195857213,0.7138461538461538,51
Burst_3,uncorrected,Behaviour,123,LSTM,"{'n_layers': 6, 'bidirectional': True}",1.4125412702560425,1.4298486709594727,0.48153847455978394,0.6938613119513106,0.2019205938189229,0.40653277499692236,0.38162818691512884,0.4815384615384615,26
Burst_3,uncorrected,Behaviour,123,TSSequencerPlus,{},0.7123757004737854,0.8776420950889587,0.6800000071525574,0.9052254609500523,0.4272366850657032,0.6500697199967719,0.6718597797222584,0.68,58
Burst_3,uncorrected,Behaviour,1234,HydraMultiRocketPlus,{},0.24469272792339325,0.8018893599510193,0.7246153950691223,0.9307236470358837,0.6007913993320706,0.7172687446210719,0.7258729687818464,0.7246153846153847,54
Burst_3,uncorrected,Behaviour,1234,LSTM,"{'n_layers': 6, 'bidirectional': True}",0.9322284460067749,1.1087069511413574,0.5861538648605347,0.843858371054153,0.3408301721851531,0.5414759260560863,0.5170738324855972,0.5861538461538461,27
Burst_3,uncorrected,Behaviour,1234,TSSequencerPlus,{},0.5192989706993103,0.8753389716148376,0.6846153736114502,0.9137319042672747,0.5094176298120228,0.6691076356603703,0.6804308606566671,0.6846153846153846,62
Burst_3,uncorrected,Behaviour,123456,HydraMultiRocketPlus,{},0.1280839890241623,0.7880758047103882,0.7184615135192871,0.9340416361816289,0.6293771720744601,0.7131913164984834,0.7239956677487049,0.7184615384615385,53
Burst_3,uncorrected,Behaviour,123456,LSTM,"{'n_layers': 6, 'bidirectional': True}",1.6012072563171387,1.6050784587860107,0.3661538362503052,0.5270672931342385,0.125,0.19627165627165627,0.13406863905325445,0.36615384615384616,27
Burst_3,uncorrected,Behaviour,123456,TSSequencerPlus,{},0.5270087122917175,0.8489084839820862,0.6938461661338806,0.9218019741951826,0.5179009310272457,0.67064159066052,0.6918945688734458,0.6938461538461539,62
Burst_4,rotbasal,Behaviour,42,HydraMultiRocketPlus,{},0.20183032751083374,0.9233694076538086,0.698285698890686,0.9032429315864534,0.5646468254726075,0.6892799967623489,0.6978272925879082,0.6982857142857143,60
Burst_4,rotbasal,Behaviour,42,LSTM,"{'n_layers': 6, 'bidirectional': True}",1.5965349674224854,1.5973482131958008,0.3702857196331024,0.5464440834079676,0.13557428728070176,0.20691188870151772,0.18124522788330114,0.3702857142857143,35
Burst_4,rotbasal,Behaviour,42,TSSequencerPlus,{},0.8389890193939209,1.0028290748596191,0.6331428289413452,0.886935965211854,0.41403132061686243,0.6050726600665267,0.6196866923393723,0.6331428571428571,83
Burst_4,rotbasal,Behaviour,100,HydraMultiRocketPlus,{},0.4157449007034302,0.8388447165489197,0.7131428718566895,0.9264666172073013,0.5405753838075245,0.6957540654243096,0.7045568158780575,0.7131428571428572,58
Burst_4,rotbasal,Behaviour,100,LSTM,"{'n_layers': 6, 'bidirectional': True}",1.3114774227142334,1.4194170236587524,0.4617142975330353,0.7232830276181978,0.2599616323917311,0.40184418995538707,0.39198386933965684,0.4617142857142857,33
Burst_4,rotbasal,Behaviour,100,TSSequencerPlus,{},0.8437938094139099,0.9780121445655823,0.652571439743042,0.8884087538072282,0.40170431733319645,0.6203214308754825,0.6260920134609612,0.6525714285714286,81
Burst_4,rotbasal,Behaviour,123,HydraMultiRocketPlus,{},0.4140795171260834,0.8707435727119446,0.6994285583496094,0.9205269309063374,0.5395910661361102,0.6850097949154136,0.7166410232685146,0.6994285714285714,60
Burst_4,rotbasal,Behaviour,123,LSTM,"{'n_layers': 6, 'bidirectional': True}",1.3450219631195068,1.3860437870025635,0.4480000138282776,0.7388115685631115,0.2530461246538549,0.3828746597118313,0.402623746750686,0.448,34
Burst_4,rotbasal,Behaviour,123,TSSequencerPlus,{},0.7313993573188782,0.9457069635391235,0.6674285531044006,0.8932890598771395,0.46747949235574915,0.6460274592190902,0.651090328905845,0.6674285714285715,80
Burst_4,rotbasal,Behaviour,1234,HydraMultiRocketPlus,{},0.2975340783596039,0.9327686429023743,0.6834285855293274,0.9076909374565567,0.5576961231775965,0.6666239283556682,0.6754894854922379,0.6834285714285714,59
Burst_4,rotbasal,Behaviour,1234,LSTM,"{'n_layers': 6, 'bidirectional': True}",1.5763500928878784,1.5911524295806885,0.37371429800987244,0.5464611301708582,0.14035087719298245,0.2111682179540527,0.18580358517540968,0.3737142857142857,33
Burst_4,rotbasal,Behaviour,1234,TSSequencerPlus,{},0.7331828474998474,0.9487409591674805,0.6605714559555054,0.8927558092717132,0.4403950923032198,0.6332165436259791,0.6474188178322947,0.6605714285714286,80
Burst_4,rotbasal,Behaviour,123456,HydraMultiRocketPlus,{},0.19598427414894104,0.9385814666748047,0.694857120513916,0.915986180706595,0.5935688987897745,0.6834790541393236,0.6902776220742785,0.6948571428571428,60
Burst_4,rotbasal,Behaviour,123456,LSTM,"{'n_layers': 6, 'bidirectional': True}",1.6019302606582642,1.6069200038909912,0.3668571412563324,0.5742147805809101,0.12719298245614036,0.19827406325552224,0.19904282445243543,0.3668571428571429,34
Burst_4,rotbasal,Behaviour,123456,TSSequencerPlus,{},0.7477268576622009,0.9747714996337891,0.6434285640716553,0.8834146305761862,0.4949938869420467,0.6178279285951814,0.632366490752832,0.6434285714285715,80
Burst_4,rotdaily,Behaviour,42,HydraMultiRocketPlus,{},0.31542134284973145,0.891536295413971,0.6937142610549927,0.9127110850782998,0.5364279106660561,0.6760226786892225,0.7026588862349951,0.6937142857142857,59
Burst_4,rotdaily,Behaviour,42,LSTM,"{'n_layers': 6, 'bidirectional': True}",1.5970367193222046,1.5942366123199463,0.37142857909202576,0.4879160958582972,0.13596491228070176,0.20719358711226424,0.1996584564860427,0.37142857142857144,33
Burst_4,rotdaily,Behaviour,42,TSSequencerPlus,{},0.9505707621574402,1.0714318752288818,0.6102856993675232,0.867474961053729,0.3731113024884748,0.5595918010065586,0.6239420532823622,0.6102857142857143,80
Burst_4,rotdaily,Behaviour,100,HydraMultiRocketPlus,{},0.27960947155952454,0.8852906823158264,0.6891428828239441,0.9175005634865863,0.4945882943454629,0.6763972095054975,0.6837210246417774,0.6891428571428572,59
Burst_4,rotdaily,Behaviour,100,LSTM,"{'n_layers': 6, 'bidirectional': True}",0.7522915601730347,0.9865850806236267,0.6548571586608887,0.8802935430145148,0.46662114767370166,0.6264240472635669,0.6167635467255353,0.6548571428571428,33
Burst_4,rotdaily,Behaviour,100,TSSequencerPlus,{},0.8277974128723145,1.0119447708129883,0.6411428451538086,0.8743876385152286,0.3670930410980529,0.5937474175623364,0.5910851486743569,0.6411428571428571,80
Burst_4,rotdaily,Behaviour,123,HydraMultiRocketPlus,{},0.2879297733306885,0.9030539989471436,0.6880000233650208,0.9129012700692084,0.5372484655410424,0.6754882935173212,0.6938313308581463,0.688,59
Burst_4,rotdaily,Behaviour,123,LSTM,"{'n_layers': 6, 'bidirectional': True}",1.576257586479187,1.5571054220199585,0.3840000033378601,0.5523190220367117,0.1600877192982456,0.22520771596309758,0.1766085654387541,0.384,33
Burst_4,rotdaily,Behaviour,123,TSSequencerPlus,{},0.8576569557189941,1.0208710432052612,0.6205714344978333,0.8776366114174394,0.38458059675552847,0.5690506090694415,0.5788838495968458,0.6205714285714286,80
Burst_4,rotdaily,Behaviour,1234,HydraMultiRocketPlus,{},0.36157792806625366,0.9165751338005066,0.6880000233650208,0.9014717405705543,0.5523619863168803,0.672847317217541,0.6835653545350642,0.688,59
Burst_4,rotdaily,Behaviour,1234,LSTM,"{'n_layers': 6, 'bidirectional': True}",1.5777617692947388,1.6082924604415894,0.3702857196331024,0.5154265686074271,0.1337719298245614,0.20529482784990058,0.16135028901734105,0.3702857142857143,33
Burst_4,rotdaily,Behaviour,1234,TSSequencerPlus,{},0.7804870009422302,0.9796906113624573,0.6411428451538086,0.8844593599457351,0.44666609716417316,0.5969520101648406,0.5962373631336232,0.6411428571428571,80
Burst_4,rotdaily,Behaviour,123456,HydraMultiRocketPlus,{},0.07648909837007523,1.0204503536224365,0.6925714015960693,0.9180388282396181,0.636927240655828,0.6835397251098049,0.6919951384042251,0.6925714285714286,58
Burst_4,rotdaily,Behaviour,123456,LSTM,"{'n_layers': 6, 'bidirectional': True}",1.5317655801773071,1.5329251289367676,0.38514286279678345,0.612028005757489,0.1579553601551957,0.24845067610615937,0.2733164744327535,0.3851428571428571,33
Burst_4,rotdaily,Behaviour,123456,TSSequencerPlus,{},0.7307748794555664,0.9674038887023926,0.652571439743042,0.887604625487894,0.464868936583342,0.6104957625104803,0.6495603615140945,0.6525714285714286,79
Burst_4,uncorrected,Behaviour,42,HydraMultiRocketPlus,{},0.3764335811138153,0.7760104537010193,0.7394285798072815,0.9391899535705206,0.6240274516047232,0.7350310419009347,0.7466363189316534,0.7394285714285714,59
Burst_4,uncorrected,Behaviour,42,LSTM,"{'n_layers': 6, 'bidirectional': True}",0.5752443671226501,0.9510453939437866,0.6959999799728394,0.9005492983046113,0.5979030158989196,0.6850683634318819,0.6869871131040587,0.696,33
Burst_4,uncorrected,Behaviour,42,TSSequencerPlus,{},0.7124097943305969,0.8759580254554749,0.6811428666114807,0.9123041451643336,0.42958472638059275,0.6569524302763591,0.6774365181656387,0.6811428571428572,80
Burst_4,uncorrected,Behaviour,100,HydraMultiRocketPlus,{},0.38290104269981384,0.74640953540802,0.7348571419715881,0.9398697628878615,0.5836511868623029,0.7270403505546493,0.7344839396445538,0.7348571428571429,58
Burst_4,uncorrected,Behaviour,100,LSTM,"{'n_layers': 6, 'bidirectional': True}",0.5797311663627625,0.9450510740280151,0.6731428503990173,0.8902075519021501,0.49445959832434194,0.6579254814669048,0.6508091819391338,0.6731428571428572,34
Burst_4,uncorrected,Behaviour,100,TSSequencerPlus,{},0.6074233651161194,0.8078662157058716,0.7085714340209961,0.9243985922990063,0.514734647843123,0.6977514874621346,0.7099498837153342,0.7085714285714285,80
Burst_4,uncorrected,Behaviour,123,HydraMultiRocketPlus,{},0.14371587336063385,0.8465029001235962,0.7302857041358948,0.9298114049156138,0.6402967533146127,0.724439287016171,0.7387488643925579,0.7302857142857143,59
Burst_4,uncorrected,Behaviour,123,LSTM,"{'n_layers': 6, 'bidirectional': True}",0.6129330396652222,0.9323105216026306,0.6937142610549927,0.8914620289684165,0.512400068726099,0.6734120265782422,0.6837875170556595,0.6937142857142857,33
Burst_4,uncorrected,Behaviour,123,TSSequencerPlus,{},0.6580603122711182,0.8800795078277588,0.7039999961853027,0.9054667250778068,0.492748387690434,0.6849213322675415,0.6993999210186874,0.704,81
Burst_4,uncorrected,Behaviour,1234,HydraMultiRocketPlus,{},0.2714543640613556,0.8458315134048462,0.7200000286102295,0.9245700951368238,0.6366484207076621,0.7118095671029154,0.7251548625708432,0.72,59
Burst_4,uncorrected,Behaviour,1234,LSTM,"{'n_layers': 6, 'bidirectional': True}",1.4217064380645752,1.4253219366073608,0.5142857432365417,0.6806652258052441,0.20435275387989205,0.4184460976188401,0.37057228250799557,0.5142857142857142,33
Burst_4,uncorrected,Behaviour,1234,TSSequencerPlus,{},0.6132166981697083,0.8732542395591736,0.6994285583496094,0.9049327223574508,0.5047418639698462,0.6786459492509183,0.6851777397353066,0.6994285714285714,80
Burst_4,uncorrected,Behaviour,123456,HydraMultiRocketPlus,{},0.23639675974845886,0.7894561290740967,0.7394285798072815,0.9370808591844508,0.6353461467278032,0.7276018216415285,0.7493206892645495,0.7394285714285714,59
Burst_4,uncorrected,Behaviour,123456,LSTM,"{'n_layers': 6, 'bidirectional': True}",0.606920599937439,0.9199268817901611,0.6959999799728394,0.8953690099850002,0.5529590882212376,0.673369643028431,0.6684797202947386,0.696,33
Burst_4,uncorrected,Behaviour,123456,TSSequencerPlus,{},0.7511253952980042,0.8743837475776672,0.6971428394317627,0.9056273814773875,0.4922999948986015,0.6743204186274278,0.6954922854913395,0.6971428571428572,80
