"contrast_level","comparison","model","burst","correction_type","beh_rarity","metric","Level1","Level2","Difference","SE","CI_low","CI_high","z","p"
"across_behavioural_rarity","burst","RF",NA,"uncorrected",NA,"precision","uncommon","common",0.0585699815336899,0.0207258727610294,0.0179480173739126,0.0991919456934671,2.82593559311135,0.00471427419916467
"across_behavioural_rarity","burst","RF",NA,"uncorrected",NA,"recall","uncommon","common",-0.274727008231452,0.0272796946303719,-0.328194227216232,-0.221259789246672,-10.0707508626429,7.4407834642462e-24
"across_behavioural_rarity","correction","RF","Burst_4",NA,NA,"precision","uncommon","common",0.0828526495734806,0.0504714620070335,-0.0160695982073866,0.181774897354348,1.64157419418393,0.100678279320995
"across_behavioural_rarity","correction","RF","Burst_4",NA,NA,"precision","rare","common",0.105357119863952,0.049461286500144,0.00841477969465217,0.202299460033251,2.13009258996215,0.0331639699806278
"across_behavioural_rarity","correction","RF","Burst_4",NA,NA,"precision","rare","uncommon",0.022504470290471,0.0405442395726387,-0.0569607790524645,0.101969719633406,0.555059621975452,0.578853879953048
"across_behavioural_rarity","correction","RF","Burst_4",NA,NA,"recall","uncommon","common",-0.267323033755794,0.0447253448309939,-0.354983098820677,-0.179662968690911,-5.97699212305555,2.27295184613218e-09
"across_behavioural_rarity","correction","RF","Burst_4",NA,NA,"recall","rare","common",-0.413359570066383,0.0436335889119758,-0.498879832850082,-0.327839307282684,-9.47342587152924,2.70812932199273e-21
"across_behavioural_rarity","correction","RF","Burst_4",NA,NA,"recall","rare","uncommon",-0.146036536310589,0.0433398812348371,-0.230981142625113,-0.0610919299960654,-3.36956475536448,0.000752869990210816
"across_behavioural_rarity","model",NA,"Burst_4","uncorrected",NA,"precision","uncommon","common",-0.014043770950952,0.0299392573889264,-0.0727236371571224,0.0446360952552184,-0.469075460640729,0.639015698751257
"across_behavioural_rarity","model",NA,"Burst_4","uncorrected",NA,"precision","rare","common",-0.0668757521518907,0.0287372872664723,-0.123199800207558,-0.0105517040962236,-2.32714213877503,0.0199577013815399
"across_behavioural_rarity","model",NA,"Burst_4","uncorrected",NA,"precision","rare","uncommon",-0.0528319812009387,0.0245349479443297,-0.10091959553439,-0.00474436686748745,-2.15333577722747,0.0312922989472492
"across_behavioural_rarity","model",NA,"Burst_4","uncorrected",NA,"recall","uncommon","common",-0.288015742136683,0.0255607740860806,-0.338113938762366,-0.237917545511001,-11.2678802749376,1.89066831446765e-29
"across_behavioural_rarity","model",NA,"Burst_4","uncorrected",NA,"recall","rare","common",-0.372018162281316,0.0248862010853295,-0.420794220120583,-0.323242104442048,-14.9487726554063,1.58646168323182e-50
"across_behavioural_rarity","model",NA,"Burst_4","uncorrected",NA,"recall","rare","uncommon",-0.0840024201446325,0.0238029393486416,-0.130655323994161,-0.0373495162951036,-3.52907760315855,0.000417010825924658
"within_behaviour_rarity","burst","RF",NA,"uncorrected",NA,"precision","Burst_2","Burst_1",-0.0445889864058511,0.0288105108282528,-0.101056550005428,0.0118785771937257,-1.54766386030633,0.12170324747959
"within_behaviour_rarity","burst","RF",NA,"uncorrected",NA,"precision","Burst_3","Burst_1",-0.00741707301330963,0.0282287844734821,-0.062744473908678,0.0479103278820588,-0.262748579212724,0.792744371068162
"within_behaviour_rarity","burst","RF",NA,"uncorrected",NA,"precision","Burst_4","Burst_1",0.00162493082948001,0.0278809221486997,-0.0530206724377365,0.0562705340966965,0.0582811006326701,0.953524721433429
"within_behaviour_rarity","burst","RF",NA,"uncorrected",NA,"precision","Burst_3","Burst_2",0.0371719133925414,0.0289602168951325,-0.0195890687063866,0.0939328954914695,1.28355093220276,0.199299127743352
"within_behaviour_rarity","burst","RF",NA,"uncorrected",NA,"precision","Burst_4","Burst_2",0.0462139172353311,0.0287273732801009,-0.010090699764105,0.102518534234767,1.60870667793852,0.107680494910983
"within_behaviour_rarity","burst","RF",NA,"uncorrected",NA,"precision","Burst_4","Burst_3",0.00904200384278964,0.0279822728573847,-0.0458022431632571,0.0638862508488364,0.32313328830983,0.746594300967463
"within_behaviour_rarity","burst","RF",NA,"uncorrected",NA,"recall","Burst_2","Burst_1",0.0119201252262208,0.0381104394023658,-0.0627749634374124,0.0866152138898539,0.312778477843548,0.754448967757699
"within_behaviour_rarity","burst","RF",NA,"uncorrected",NA,"recall","Burst_3","Burst_1",0.0280083214300673,0.0376333559982178,-0.0457517009438141,0.101768343803949,0.744241928128696,0.456730126521383
"within_behaviour_rarity","burst","RF",NA,"uncorrected",NA,"recall","Burst_4","Burst_1",0.014219283961651,0.0379463395967299,-0.0601541749930658,0.0885927429163677,0.374720832437718,0.707868097280022
"within_behaviour_rarity","burst","RF",NA,"uncorrected",NA,"recall","Burst_3","Burst_2",0.0160881962038465,0.0377332837206199,-0.0578676809070001,0.0900440733146931,0.426366184373582,0.669841037932267
"within_behaviour_rarity","burst","RF",NA,"uncorrected",NA,"recall","Burst_4","Burst_2",0.00229915873543018,0.0380423856471261,-0.0722625470189204,0.0768608644897808,0.0604367653689425,0.951807777631059
"within_behaviour_rarity","burst","RF",NA,"uncorrected",NA,"recall","Burst_4","Burst_3",-0.0137890374684163,0.0375672555288043,-0.087419505302886,0.0598414303660534,-0.36704936983868,0.713582192348462
"within_behaviour_rarity","correction","RF","Burst_4",NA,NA,"precision","rotdaily","uncorrected",-0.123786001510215,0.0450012038667331,-0.211986740349956,-0.0355852626704732,-2.75072644449236,0.00594632772258616
"within_behaviour_rarity","correction","RF","Burst_4",NA,NA,"precision","rotbasal","uncorrected",-0.0794400634288833,0.0430817288965207,-0.163878700457782,0.00499857360001571,-1.84393861304157,0.0651920869681033
"within_behaviour_rarity","correction","RF","Burst_4",NA,NA,"precision","rotbasal","rotdaily",0.0443459380813315,0.04742681413969,-0.0486089095339359,0.137300785696599,0.935039362979681,0.349768013983802
"within_behaviour_rarity","correction","RF","Burst_4",NA,NA,"recall","rotdaily","uncorrected",-0.090901209507498,0.043121676369544,-0.175418142144796,-0.00638427687019985,-2.10801659769655,0.0350295537748076
"within_behaviour_rarity","correction","RF","Burst_4",NA,NA,"recall","rotbasal","uncorrected",-0.0766433376783934,0.0431813906991453,-0.161277308251071,0.00799063289428423,-1.77491591719186,0.0759117716843938
"within_behaviour_rarity","correction","RF","Burst_4",NA,NA,"recall","rotbasal","rotdaily",0.0142578718291046,0.0425761478669204,-0.0691898445905111,0.0977055882487203,0.3348793290006,0.737716115768249
"within_behaviour_rarity","model",NA,"Burst_4","uncorrected","common","precision","SVC","RF",-0.0809929346607753,0.102682172595359,-0.282246294802004,0.120260425480454,-0.788773090923439,0.430244639683041
"within_behaviour_rarity","model",NA,"Burst_4","uncorrected","common","precision","XGB","RF",0.00335591866766305,0.0992603564176087,-0.191190805003459,0.197902642338785,0.0338092546589699,0.973029256015276
"within_behaviour_rarity","model",NA,"Burst_4","uncorrected","common","precision","CatEmbed","RF",0.00316653360755537,0.0992710358570138,-0.191401121380176,0.197734188595287,0.0318978600376078,0.974553505215412
"within_behaviour_rarity","model",NA,"Burst_4","uncorrected","common","precision","GANDALF","RF",-0.010356646823489,0.0999948713319594,-0.206342993272846,0.185629699625868,-0.103571780087675,0.917509183420429
"within_behaviour_rarity","model",NA,"Burst_4","uncorrected","common","precision","TabPFN","RF",0.00626801760197826,0.099095673933773,-0.187955934331941,0.200491969535898,0.0632521819889661,0.949565692713966
"within_behaviour_rarity","model",NA,"Burst_4","uncorrected","common","precision","LSTM","RF",-0.0342157233650073,0.101108025321282,-0.232383811542683,0.163952364812669,-0.33840759184331,0.735056053810275
"within_behaviour_rarity","model",NA,"Burst_4","uncorrected","common","precision","TSSeq","RF",-0.00889485090121256,0.0999198627193486,-0.204734183171322,0.186944481368897,-0.089019847096829,0.92906613703614
"within_behaviour_rarity","model",NA,"Burst_4","uncorrected","common","precision","HydraRocket","RF",0.0196857409341764,0.0982960105486098,-0.172970899565068,0.212342381433421,0.200269988825654,0.841269432509733
"within_behaviour_rarity","model",NA,"Burst_4","uncorrected","common","precision","XGB","SVC",0.0843488533284383,0.102502882342812,-0.116553104375019,0.285250811031896,0.822892502147805,0.410569126879988
"within_behaviour_rarity","model",NA,"Burst_4","uncorrected","common","precision","CatEmbed","SVC",0.0841594682683307,0.102513148635926,-0.116762610999885,0.285081547536546,0.820962670527486,0.41166753160169
"within_behaviour_rarity","model",NA,"Burst_4","uncorrected","common","precision","GANDALF","SVC",0.0706362878372863,0.103210136291743,-0.131651862134,0.272924437808573,0.684392932469535,0.493727077675585
"within_behaviour_rarity","model",NA,"Burst_4","uncorrected","common","precision","TabPFN","SVC",0.0872609522627535,0.10234422742361,-0.113330047513098,0.287851952038606,0.852622121046205,0.393868891262699
"within_behaviour_rarity","model",NA,"Burst_4","uncorrected","common","precision","LSTM","SVC",0.046777211295768,0.104281559140127,-0.157610888870564,0.2511653114621,0.448566474086869,0.653744423176236
"within_behaviour_rarity","model",NA,"Burst_4","uncorrected","common","precision","TSSeq","SVC",0.0720980837595627,0.103137930927715,-0.130048546298739,0.274244713817864,0.69904527956929,0.484523734051101
"within_behaviour_rarity","model",NA,"Burst_4","uncorrected","common","precision","HydraRocket","SVC",0.100678675594952,0.101574145362937,-0.0984029910768418,0.299760342266745,0.991184077751419,0.321595703888559
"within_behaviour_rarity","model",NA,"Burst_4","uncorrected","common","precision","CatEmbed","XGB",-0.000189385060107683,0.0990845183450567,-0.194391472441917,0.194012702321702,-0.00191134864730491,0.99847496535256
"within_behaviour_rarity","model",NA,"Burst_4","uncorrected","common","precision","GANDALF","XGB",-0.0137125654911521,0.099809847648582,-0.209336272184802,0.181911141202498,-0.137386899331139,0.890724985674564
"within_behaviour_rarity","model",NA,"Burst_4","uncorrected","common","precision","TabPFN","XGB",0.00291209893431521,0.0989087445830824,-0.190945478204597,0.196769676073228,0.0294422798165139,0.976511852990168
"within_behaviour_rarity","model",NA,"Burst_4","uncorrected","common","precision","LSTM","XGB",-0.0375716420326704,0.100925344628135,-0.235381682631107,0.160238398565766,-0.372271624844139,0.709690622926466
"within_behaviour_rarity","model",NA,"Burst_4","uncorrected","common","precision","TSSeq","XGB",-0.0122507695688756,0.0997346997902682,-0.207727189166716,0.183225650028965,-0.122833573416652,0.902238887822508
"within_behaviour_rarity","model",NA,"Burst_4","uncorrected","common","precision","HydraRocket","XGB",0.0163298222665134,0.0981074443084921,-0.1759572351934,0.208616879726427,0.166448350393935,0.867804126486947
"within_behaviour_rarity","model",NA,"Burst_4","uncorrected","common","precision","GANDALF","CatEmbed",-0.0135231804310444,0.0998204431232168,-0.209167653873378,0.182121293011289,-0.135475059095376,0.892236282405159
"within_behaviour_rarity","model",NA,"Burst_4","uncorrected","common","precision","TabPFN","CatEmbed",0.00310148399442289,0.0989194480693756,-0.190777071592133,0.196980039580979,0.0313536322225304,0.974987519079297
"within_behaviour_rarity","model",NA,"Burst_4","uncorrected","common","precision","LSTM","CatEmbed",-0.0373822569725627,0.100935806151071,-0.235212801779178,0.160448287834052,-0.370356748492331,0.711116695844469
"within_behaviour_rarity","model",NA,"Burst_4","uncorrected","common","precision","TSSeq","CatEmbed",-0.0120613845087679,0.0997453042647519,-0.207558588494671,0.183435819477135,-0.120921827826136,0.903752952928615
"within_behaviour_rarity","model",NA,"Burst_4","uncorrected","common","precision","HydraRocket","CatEmbed",0.016519207326621,0.0981182442125291,-0.175789017556242,0.208827432209484,0.168360201094096,0.866299916056734
"within_behaviour_rarity","model",NA,"Burst_4","uncorrected","common","precision","TabPFN","GANDALF",0.0166246644254673,0.0996461189395909,-0.178678139895325,0.21192746874626,0.166837048972733,0.867498266350169
"within_behaviour_rarity","model",NA,"Burst_4","uncorrected","common","precision","LSTM","GANDALF",-0.0238590765415183,0.101646072623779,-0.223081718054068,0.175363564971032,-0.234726988713351,0.814420638917959
"within_behaviour_rarity","model",NA,"Burst_4","uncorrected","common","precision","TSSeq","GANDALF",0.00146179592227647,0.100465267136491,-0.195446509362441,0.198370101206994,0.0145502616370938,0.988390980510039
"within_behaviour_rarity","model",NA,"Burst_4","uncorrected","common","precision","HydraRocket","GANDALF",0.0300423877576654,0.0988514423723,-0.163702879111879,0.22378765462721,0.303914510872973,0.761193022300933
"within_behaviour_rarity","model",NA,"Burst_4","uncorrected","common","precision","LSTM","TabPFN",-0.0404837409669856,0.100763682269634,-0.237976929165106,0.157009447231135,-0.401769169755576,0.687853913630356
"within_behaviour_rarity","model",NA,"Burst_4","uncorrected","common","precision","TSSeq","TabPFN",-0.0151628685031908,0.0995708321959265,-0.210318113517888,0.179992376511506,-0.152282231340145,0.878964338804521
"within_behaviour_rarity","model",NA,"Burst_4","uncorrected","common","precision","HydraRocket","TabPFN",0.0134177233321982,0.0979405596398628,-0.17854224618763,0.205377692852026,0.136998638577689,0.891031871223142
"within_behaviour_rarity","model",NA,"Burst_4","uncorrected","common","precision","TSSeq","LSTM",0.0253208724637948,0.101572486064985,-0.173757542043772,0.224399286971362,0.249288694652948,0.803137475697888
"within_behaviour_rarity","model",NA,"Burst_4","uncorrected","common","precision","HydraRocket","LSTM",0.0539014642991837,0.0999790441176148,-0.142053861380082,0.24985678997845,0.539127621942198,0.5897987974017
"within_behaviour_rarity","model",NA,"Burst_4","uncorrected","common","precision","HydraRocket","TSSeq",0.028580591835389,0.0987754802039158,-0.165015791919935,0.222176975590713,0.289349054809819,0.772314276613925
"within_behaviour_rarity","model",NA,"Burst_4","uncorrected","uncommon","precision","SVC","RF",-0.424340003061792,0.0743435355145633,-0.570050655153711,-0.278629350969874,-5.70782651275265,1.14427964757784e-08
"within_behaviour_rarity","model",NA,"Burst_4","uncorrected","uncommon","precision","XGB","RF",-0.0274981258868253,0.0729988323097797,-0.170573208127472,0.115576956353822,-0.376692681468295,0.706402002253918
"within_behaviour_rarity","model",NA,"Burst_4","uncorrected","uncommon","precision","CatEmbed","RF",-0.046059703128936,0.0741766568149786,-0.191443278979882,0.0993238727220095,-0.620946064525722,0.534635111131637
"within_behaviour_rarity","model",NA,"Burst_4","uncorrected","uncommon","precision","GANDALF","RF",-0.0703549497876359,0.0755532801725628,-0.218436657839723,0.0777267582644513,-0.931196496392295,0.351751929901324
"within_behaviour_rarity","model",NA,"Burst_4","uncorrected","uncommon","precision","TabPFN","RF",-0.0189421722372798,0.0724195223362617,-0.160881827793947,0.122997483319387,-0.261561684283509,0.793659387303724
"within_behaviour_rarity","model",NA,"Burst_4","uncorrected","uncommon","precision","LSTM","RF",-0.272863009495899,0.0797208361723254,-0.429112977211075,-0.116613041780723,-3.42273140369571,0.000619953040327739
"within_behaviour_rarity","model",NA,"Burst_4","uncorrected","uncommon","precision","TSSeq","RF",-0.0787192219539964,0.0759836065719955,-0.227644354250569,0.0702059103425758,-1.03600270512836,0.300200880502867
"within_behaviour_rarity","model",NA,"Burst_4","uncorrected","uncommon","precision","HydraRocket","RF",-0.0577182194489115,0.0748607231105613,-0.204442540602237,0.0890061017044139,-0.771008040673984,0.440702165638382
"within_behaviour_rarity","model",NA,"Burst_4","uncorrected","uncommon","precision","XGB","SVC",0.396841877174967,0.076158793196501,0.247573385403791,0.546110368946143,5.21071645858484,1.88112760496421e-07
"within_behaviour_rarity","model",NA,"Burst_4","uncorrected","uncommon","precision","CatEmbed","SVC",0.378280299932856,0.0772562018919503,0.226860926642278,0.529699673223434,4.89643925884313,9.75887941007689e-07
"within_behaviour_rarity","model",NA,"Burst_4","uncorrected","uncommon","precision","GANDALF","SVC",0.353985053274156,0.0785338179700882,0.200061598484359,0.507908508063954,4.50742192884321,6.56200634357421e-06
"within_behaviour_rarity","model",NA,"Burst_4","uncorrected","uncommon","precision","TabPFN","SVC",0.405397830824512,0.0756179659023619,0.257189341071705,0.55360632057732,5.36113112785873,8.27024556349395e-08
"within_behaviour_rarity","model",NA,"Burst_4","uncorrected","uncommon","precision","LSTM","SVC",0.151476993565893,0.0821221022465873,-0.00947936917213393,0.31243335630392,1.84453380298345,0.0651053842120242
"within_behaviour_rarity","model",NA,"Burst_4","uncorrected","uncommon","precision","TSSeq","SVC",0.345620781107796,0.0789316819030441,0.190917527338657,0.500324034876934,4.37873326368922,1.1937112712639e-05
"within_behaviour_rarity","model",NA,"Burst_4","uncorrected","uncommon","precision","HydraRocket","SVC",0.366621783612881,0.077891877145278,0.213956509719917,0.519287057505844,4.70680380354791,2.51630871762385e-06
"within_behaviour_rarity","model",NA,"Burst_4","uncorrected","uncommon","precision","CatEmbed","XGB",-0.0185615772421107,0.076035502472356,-0.167588423634335,0.130465269150113,-0.244117243110994,0.807140018401234
"within_behaviour_rarity","model",NA,"Burst_4","uncorrected","uncommon","precision","GANDALF","XGB",-0.0428568239008106,0.077376897726191,-0.194512756679584,0.108799108877963,-0.553871054025265,0.579667096280269
"within_behaviour_rarity","model",NA,"Burst_4","uncorrected","uncommon","precision","TabPFN","XGB",0.00855595364954553,0.074324600718766,-0.137117586924556,0.154229494223647,0.115116039195691,0.908353146980016
"within_behaviour_rarity","model",NA,"Burst_4","uncorrected","uncommon","precision","LSTM","XGB",-0.245364883609074,0.0814307435519068,-0.404966208205128,-0.0857635590130194,-3.01317257962491,0.00258531849894812
"within_behaviour_rarity","model",NA,"Burst_4","uncorrected","uncommon","precision","TSSeq","XGB",-0.0512210960671711,0.0777963674172451,-0.203699174333017,0.101256982198675,-0.658399585580353,0.51028140162388
"within_behaviour_rarity","model",NA,"Burst_4","uncorrected","uncommon","precision","HydraRocket","XGB",-0.0302200935620862,0.0767019635257685,-0.180553179616097,0.120112992491925,-0.393993741137195,0.693585660139096
"within_behaviour_rarity","model",NA,"Burst_4","uncorrected","uncommon","precision","GANDALF","CatEmbed",-0.0242952466586999,0.0784847956984677,-0.178122619561681,0.129532126244281,-0.30955354400157,0.756900488513676
"within_behaviour_rarity","model",NA,"Burst_4","uncorrected","uncommon","precision","TabPFN","CatEmbed",0.0271175308916562,0.0754806926744697,-0.120821908278441,0.175056970061753,0.359264467916421,0.719397252837956
"within_behaviour_rarity","model",NA,"Burst_4","uncorrected","uncommon","precision","LSTM","CatEmbed",-0.226803306366963,0.0824688624420798,-0.388439306599427,-0.0651673061344988,-2.75016896863654,0.00595645413026716
"within_behaviour_rarity","model",NA,"Burst_4","uncorrected","uncommon","precision","TSSeq","CatEmbed",-0.0326595188250604,0.0788977935886387,-0.187296352718467,0.121977315068347,-0.413947175701037,0.678912793417131
"within_behaviour_rarity","model",NA,"Burst_4","uncorrected","uncommon","precision","HydraRocket","CatEmbed",-0.0116585163199755,0.0778203354732435,-0.164183571112358,0.140866538472407,-0.149813236464188,0.88091196603192
"within_behaviour_rarity","model",NA,"Burst_4","uncorrected","uncommon","precision","TabPFN","GANDALF",0.0514127775503561,0.0768324890052626,-0.0991761337425282,0.20200168884324,0.669154132789251,0.503397161539683
"within_behaviour_rarity","model",NA,"Burst_4","uncorrected","uncommon","precision","LSTM","GANDALF",-0.202508059708263,0.0836820883618612,-0.36652193904861,-0.0384941803679169,-2.41996900020672,0.0155218302662389
"within_behaviour_rarity","model",NA,"Burst_4","uncorrected","uncommon","precision","TSSeq","GANDALF",-0.00836427216636049,0.0801866828466439,-0.165527282585518,0.148798738252797,-0.104309991003831,0.916923349493029
"within_behaviour_rarity","model",NA,"Burst_4","uncorrected","uncommon","precision","HydraRocket","GANDALF",0.0126367303387244,0.0791288078462283,-0.142452883179473,0.167726343856922,0.159698227266123,0.873118797417067
"within_behaviour_rarity","model",NA,"Burst_4","uncorrected","uncommon","precision","LSTM","TabPFN",-0.253920837258619,0.0809203788363113,-0.412521865393127,-0.095319809124112,-3.13790964538438,0.00170157320696427
"within_behaviour_rarity","model",NA,"Burst_4","uncorrected","uncommon","precision","TSSeq","TabPFN",-0.0597770497167166,0.077255171635192,-0.211194403741153,0.09164030430772,-0.77376114053556,0.439072056381592
"within_behaviour_rarity","model",NA,"Burst_4","uncorrected","uncommon","precision","HydraRocket","TabPFN",-0.0387760472116317,0.0761523479239373,-0.188031906480712,0.110479812057449,-0.509190435603668,0.610618746501124
"within_behaviour_rarity","model",NA,"Burst_4","uncorrected","uncommon","precision","TSSeq","LSTM",0.194143787541903,0.0840610501857109,0.0293871566752953,0.35890041840851,2.30955700782934,0.0209126921110023
"within_behaviour_rarity","model",NA,"Burst_4","uncorrected","uncommon","precision","HydraRocket","LSTM",0.215144790046988,0.083071835431078,0.0523269844724363,0.377962595621539,2.58986440988759,0.00960137412683492
"within_behaviour_rarity","model",NA,"Burst_4","uncorrected","uncommon","precision","HydraRocket","TSSeq",0.0210010025050849,0.0795380769007745,-0.13489076362001,0.17689276863018,0.264037091709975,0.791751337548722
"within_behaviour_rarity","model",NA,"Burst_4","uncorrected","rare","precision","SVC","RF",-0.775900700534314,0.0387035679859894,-0.851758299860051,-0.700043101208578,-20.0472654308045,2.13249062979943e-89
"within_behaviour_rarity","model",NA,"Burst_4","uncorrected","rare","precision","XGB","RF",-0.154096923351387,0.0576126858597096,-0.267015712689038,-0.0411781340137363,-2.67470472955596,0.00747950928407809
"within_behaviour_rarity","model",NA,"Burst_4","uncorrected","rare","precision","CatEmbed","RF",-0.360903779704808,0.0678617604711456,-0.493910386155738,-0.227897173253879,-5.31822011688398,1.04787254047018e-07
"within_behaviour_rarity","model",NA,"Burst_4","uncorrected","rare","precision","GANDALF","RF",-0.362978659991838,0.0678813036156312,-0.496023570302104,-0.229933749681572,-5.34725529207801,8.92980214890289e-08
"within_behaviour_rarity","model",NA,"Burst_4","uncorrected","rare","precision","TabPFN","RF",-0.170522058590618,0.0590559157338634,-0.286269526503023,-0.0547745906782137,-2.88746785942799,0.00388356280755677
"within_behaviour_rarity","model",NA,"Burst_4","uncorrected","rare","precision","LSTM","RF",-0.673911204961363,0.0521160208968744,-0.776056728936773,-0.571765680985952,-12.9309796366626,3.00959474733299e-38
"within_behaviour_rarity","model",NA,"Burst_4","uncorrected","rare","precision","TSSeq","RF",-0.232752590472439,0.0635052666332914,-0.357220625902303,-0.108284555042575,-3.66509114616367,0.000247250511497855
"within_behaviour_rarity","model",NA,"Burst_4","uncorrected","rare","precision","HydraRocket","RF",-0.0955862648214399,0.0515410524845512,-0.196604871416449,0.00543234177356909,-1.85456563678227,0.0636582790340978
"within_behaviour_rarity","model",NA,"Burst_4","uncorrected","rare","precision","XGB","SVC",0.621803777182927,0.0574321028061949,0.509238924126383,0.734368630239471,10.8267632003865,2.57082789587613e-27
"within_behaviour_rarity","model",NA,"Burst_4","uncorrected","rare","precision","CatEmbed","SVC",0.414996920829506,0.0671675669530189,0.283350908672406,0.546642932986606,6.178531390303,6.47006257778365e-10
"within_behaviour_rarity","model",NA,"Burst_4","uncorrected","rare","precision","GANDALF","SVC",0.412922040542476,0.067181072677507,0.281249557651795,0.544594523433158,6.1464043976292,7.92590569897094e-10
"within_behaviour_rarity","model",NA,"Burst_4","uncorrected","rare","precision","TabPFN","SVC",0.605378641943696,0.0588431905407286,0.49004810774844,0.720709176138952,10.2879982608129,7.98184277139179e-25
"within_behaviour_rarity","model",NA,"Burst_4","uncorrected","rare","precision","LSTM","SVC",0.101989495572951,0.0501987457419663,0.00360176184961401,0.200377229296289,2.03171402124671,0.0421826156325164
"within_behaviour_rarity","model",NA,"Burst_4","uncorrected","rare","precision","TSSeq","SVC",0.543148110061875,0.0631528726804096,0.419370754088029,0.666925466035721,8.60052895472422,7.93495256692131e-18
"within_behaviour_rarity","model",NA,"Burst_4","uncorrected","rare","precision","HydraRocket","SVC",0.680314435712874,0.0514465036667494,0.579481141395538,0.781147730030211,13.2237253695545,6.4013208704902e-40
"within_behaviour_rarity","model",NA,"Burst_4","uncorrected","rare","precision","CatEmbed","XGB",-0.206806856353421,0.0800533015855742,-0.36370844430467,-0.0499052684021727,-2.5833644866271,0.00978418957474673
"within_behaviour_rarity","model",NA,"Burst_4","uncorrected","rare","precision","GANDALF","XGB",-0.208881736640451,0.080069709453963,-0.365815483422805,-0.0519479898580971,-2.60874852756335,0.00908739963830887
"within_behaviour_rarity","model",NA,"Burst_4","uncorrected","rare","precision","TabPFN","XGB",-0.0164251352392312,0.0727530000275683,-0.159018395060507,0.126168124582044,-0.225765744821618,0.821383620902157
"within_behaviour_rarity","model",NA,"Burst_4","uncorrected","rare","precision","LSTM","XGB",-0.519814281609976,0.0672032833629755,-0.651530296644247,-0.388098266575704,-7.73495364508275,1.03440787244999e-14
"within_behaviour_rarity","model",NA,"Burst_4","uncorrected","rare","precision","TSSeq","XGB",-0.078655667121052,0.0764049919514484,-0.228406699584963,0.0710953653428595,-1.02945717435628,0.303264894112906
"within_behaviour_rarity","model",NA,"Burst_4","uncorrected","rare","precision","HydraRocket","XGB",0.0585106585299472,0.0668007768835312,-0.0724164583010697,0.189437775360964,0.875897875139416,0.381085554790762
"within_behaviour_rarity","model",NA,"Burst_4","uncorrected","rare","precision","GANDALF","CatEmbed",-0.00207488028702973,0.0875415827114384,-0.173653229551083,0.169503468977024,-0.0237016538057019,0.981090586831285
"within_behaviour_rarity","model",NA,"Burst_4","uncorrected","rare","precision","TabPFN","CatEmbed",0.19038172111419,0.0810860514895559,0.0314559805461001,0.34930746168228,2.34789729696866,0.0188797263005237
"within_behaviour_rarity","model",NA,"Burst_4","uncorrected","rare","precision","LSTM","CatEmbed",-0.313007425256554,0.0756664545640591,-0.461310951039947,-0.164703899473162,-4.13667360338078,3.52376782409236e-05
"within_behaviour_rarity","model",NA,"Burst_4","uncorrected","rare","precision","TSSeq","CatEmbed",0.128151189232369,0.0843288158085936,-0.0371302526113862,0.293432631076125,1.51966072336699,0.12859626777666
"within_behaviour_rarity","model",NA,"Burst_4","uncorrected","rare","precision","HydraRocket","CatEmbed",0.265317514883368,0.0758341795544674,0.116685254159469,0.413949775607268,3.49865346262243,0.000467613903909631
"within_behaviour_rarity","model",NA,"Burst_4","uncorrected","rare","precision","TabPFN","GANDALF",0.19245660140122,0.0811021206344576,0.0334993658878603,0.351413836914579,2.37301564861242,0.0176435164006993
"within_behaviour_rarity","model",NA,"Burst_4","uncorrected","rare","precision","LSTM","GANDALF",-0.310932544969525,0.0756781471883913,-0.459258987875493,-0.162606102063557,-4.10861730263423,3.98035020643599e-05
"within_behaviour_rarity","model",NA,"Burst_4","uncorrected","rare","precision","TSSeq","GANDALF",0.130226069519399,0.0843437003252479,-0.0350845454409261,0.295536684479724,1.54399284140035,0.122590066846014
"within_behaviour_rarity","model",NA,"Burst_4","uncorrected","rare","precision","HydraRocket","GANDALF",0.267392395170398,0.0758518558820782,0.118725489481002,0.416059300859794,3.52519252246241,0.00042317512231654
"within_behaviour_rarity","model",NA,"Burst_4","uncorrected","rare","precision","LSTM","TabPFN",-0.503389146370745,0.0684114431021378,-0.637473110981346,-0.369305181760143,-7.35825943065092,1.86323670116704e-13
"within_behaviour_rarity","model",NA,"Burst_4","uncorrected","rare","precision","TSSeq","TabPFN",-0.0622305318818208,0.0774943392512232,-0.214116645819947,0.0896555820563053,-0.803033260017615,0.42195551080849
"within_behaviour_rarity","model",NA,"Burst_4","uncorrected","rare","precision","HydraRocket","TabPFN",0.0749357937691784,0.0680504959381937,-0.0584407273997705,0.208312314938127,1.10117924544206,0.270818652738579
"within_behaviour_rarity","model",NA,"Burst_4","uncorrected","rare","precision","TSSeq","LSTM",0.441158614488924,0.0721446005267171,0.299757795777529,0.582559433200319,6.11492213232992,9.66041226431273e-10
"within_behaviour_rarity","model",NA,"Burst_4","uncorrected","rare","precision","HydraRocket","LSTM",0.578324940139923,0.0621704776785805,0.456473042988254,0.700176837291592,9.30224379374798,1.37512534157952e-20
"within_behaviour_rarity","model",NA,"Burst_4","uncorrected","rare","precision","HydraRocket","TSSeq",0.137166325650999,0.0719503495673622,-0.00385376817609773,0.278186419478096,1.90640249110367,0.056598005781026
"within_behaviour_rarity","model",NA,"Burst_4","uncorrected","common","recall","SVC","RF",-0.0107993693441012,0.0755117311607547,-0.158799642829451,0.137200904141249,-0.143015782820695,0.886277716437937
"within_behaviour_rarity","model",NA,"Burst_4","uncorrected","common","recall","XGB","RF",-0.0135305898042746,0.0757420962728068,-0.161982370612541,0.134921191003992,-0.178640286843135,0.858220158953638
"within_behaviour_rarity","model",NA,"Burst_4","uncorrected","common","recall","CatEmbed","RF",-0.0241486423071373,0.0766123092207524,-0.174306009152258,0.126008724537983,-0.315205775060962,0.75260542103956
"within_behaviour_rarity","model",NA,"Burst_4","uncorrected","common","recall","GANDALF","RF",-0.0171525519746804,0.0760433139673946,-0.166194708615845,0.131889604666485,-0.225562920390804,0.821541382841253
"within_behaviour_rarity","model",NA,"Burst_4","uncorrected","common","recall","TabPFN","RF",-0.0110803073666887,0.0755355654367845,-0.159127295174655,0.136966680441277,-0.146689937417121,0.883376761459911
"within_behaviour_rarity","model",NA,"Burst_4","uncorrected","common","recall","LSTM","RF",-0.0304424704049429,0.0771096262223337,-0.181574560662062,0.120689619852176,-0.39479468253635,0.692994419556097
"within_behaviour_rarity","model",NA,"Burst_4","uncorrected","common","recall","TSSeq","RF",-0.0184825451296442,0.0761528196596778,-0.167739328983786,0.130774238724498,-0.24270335901207,0.808235205131841
"within_behaviour_rarity","model",NA,"Burst_4","uncorrected","common","recall","HydraRocket","RF",-0.0147276830189031,0.0758420882929119,-0.163375444585317,0.133920078547511,-0.194188785546397,0.846028063572397
"within_behaviour_rarity","model",NA,"Burst_4","uncorrected","common","recall","XGB","SVC",-0.00273122046017338,0.0766631681625174,-0.152988268999445,0.147525828079098,-0.0356262404181301,0.971580384771387
"within_behaviour_rarity","model",NA,"Burst_4","uncorrected","common","recall","CatEmbed","SVC",-0.0133492729630361,0.0775228923228671,-0.165291349893232,0.13859280396716,-0.172197818773829,0.863282012635041
"within_behaviour_rarity","model",NA,"Burst_4","uncorrected","common","recall","GANDALF","SVC",-0.00635318263057916,0.076960736370067,-0.157193454139592,0.144487088878434,-0.0825509594922503,0.934208596764219
"within_behaviour_rarity","model",NA,"Burst_4","uncorrected","common","recall","TabPFN","SVC",-0.000280938022587551,0.0764591879316909,-0.150138192655881,0.149576316610706,-0.003674352686541,0.997068297317221
"within_behaviour_rarity","model",NA,"Burst_4","uncorrected","common","recall","LSTM","SVC",-0.0196431010608417,0.0780142951914182,-0.172548309915298,0.133262107793614,-0.251788483285592,0.80120455960339
"within_behaviour_rarity","model",NA,"Burst_4","uncorrected","common","recall","TSSeq","SVC",-0.00768317578554301,0.077068906148188,-0.158735456163889,0.143369104592803,-0.0996922905687776,0.920588621285887
"within_behaviour_rarity","model",NA,"Burst_4","uncorrected","common","recall","HydraRocket","SVC",-0.00392831367480195,0.0767619596995585,-0.154378990068652,0.146522362719048,-0.0511752655895854,0.959185861212596
"within_behaviour_rarity","model",NA,"Burst_4","uncorrected","common","recall","CatEmbed","XGB",-0.0106180525028627,0.0777471493562798,-0.162999665141828,0.141763560136102,-0.136571598968922,0.891369426852698
"within_behaviour_rarity","model",NA,"Burst_4","uncorrected","common","recall","GANDALF","XGB",-0.00362196217040578,0.0771866564402033,-0.154905028880271,0.147661104539459,-0.046924719082912,0.962573226812012
"within_behaviour_rarity","model",NA,"Burst_4","uncorrected","common","recall","TabPFN","XGB",0.00245028243758583,0.0766866105472558,-0.147852712331485,0.152753277206657,0.0319518938195334,0.974510414459654
"within_behaviour_rarity","model",NA,"Burst_4","uncorrected","common","recall","LSTM","XGB",-0.0169118806006683,0.0782371163584925,-0.170253810917583,0.136430049716247,-0.216161860096886,0.828861581940279
"within_behaviour_rarity","model",NA,"Burst_4","uncorrected","common","recall","TSSeq","XGB",-0.00495195532536963,0.0772945044815901,-0.156446400312156,0.146542489661417,-0.0640660724663689,0.948917616576246
"within_behaviour_rarity","model",NA,"Burst_4","uncorrected","common","recall","HydraRocket","XGB",-0.00119709321462858,0.076988473080414,-0.152091727676971,0.149697541247714,-0.0155489928132257,0.987594198594509
"within_behaviour_rarity","model",NA,"Burst_4","uncorrected","common","recall","GANDALF","CatEmbed",0.00699609033245696,0.0780405102006126,-0.145960498995874,0.159952679660788,0.089646906644673,0.928567808329016
"within_behaviour_rarity","model",NA,"Burst_4","uncorrected","common","recall","TabPFN","CatEmbed",0.0130683349404486,0.0775460703355501,-0.138919170059839,0.165055839940737,0.168523496856778,0.866171460193364
"within_behaviour_rarity","model",NA,"Burst_4","uncorrected","common","recall","LSTM","CatEmbed",-0.00629382809780554,0.0790794023765794,-0.161286608674852,0.148698952479241,-0.0795887160076662,0.936564370067335
"within_behaviour_rarity","model",NA,"Burst_4","uncorrected","common","recall","TSSeq","CatEmbed",0.00566609717749311,0.0781471577413405,-0.147499517489705,0.158831711844691,0.072505479933734,0.942199644592962
"within_behaviour_rarity","model",NA,"Burst_4","uncorrected","common","recall","HydraRocket","CatEmbed",0.00942095928823417,0.0778445409096449,-0.143151537287725,0.161993455864193,0.12102273554634,0.903673027189835
"within_behaviour_rarity","model",NA,"Burst_4","uncorrected","common","recall","TabPFN","GANDALF",0.00607224460799161,0.0769840866455313,-0.144813792599961,0.156958281815944,0.0788766207742504,0.937130759211463
"within_behaviour_rarity","model",NA,"Burst_4","uncorrected","common","recall","LSTM","GANDALF",-0.0132899184302625,0.0785286101089022,-0.167203165999699,0.140623329139174,-0.169236643967495,0.86561050775984
"within_behaviour_rarity","model",NA,"Burst_4","uncorrected","common","recall","TSSeq","GANDALF",-0.00132999315496385,0.0775896091739313,-0.153402832710408,0.15074284640048,-0.0171413823206974,0.986323825436972
"within_behaviour_rarity","model",NA,"Burst_4","uncorrected","common","recall","HydraRocket","GANDALF",0.0024248689557772,0.077284767406312,-0.149050491714149,0.153900229625704,0.0313757683066943,0.974969865724836
"within_behaviour_rarity","model",NA,"Burst_4","uncorrected","common","recall","LSTM","TabPFN",-0.0193621630382541,0.0780373244875311,-0.172312508483681,0.133588182407172,-0.248114132120814,0.804046101582242
"within_behaviour_rarity","model",NA,"Burst_4","uncorrected","common","recall","TSSeq","TabPFN",-0.00740223776295545,0.077092223093434,-0.158500218514213,0.143695742988302,-0.0960179570121374,0.92350631082304
"within_behaviour_rarity","model",NA,"Burst_4","uncorrected","common","recall","HydraRocket","TabPFN",-0.0036473756522144,0.0767853714280606,-0.154143938190744,0.146849186886315,-0.047500918265813,0.962113998493197
"within_behaviour_rarity","model",NA,"Burst_4","uncorrected","common","recall","TSSeq","LSTM",0.0119599252752987,0.0786345819904883,-0.14216102336542,0.166080873916018,0.152094981273574,0.879112022521251
"within_behaviour_rarity","model",NA,"Burst_4","uncorrected","common","recall","HydraRocket","LSTM",0.0157147873860397,0.0783338867082133,-0.137816809331099,0.169246384103179,0.200612889854118,0.841001278329055
"within_behaviour_rarity","model",NA,"Burst_4","uncorrected","common","recall","HydraRocket","TSSeq",0.00375486211074105,0.0773924762724036,-0.147931604057541,0.155441328279023,0.0485171465185428,0.961304099587632
"within_behaviour_rarity","model",NA,"Burst_4","uncorrected","uncommon","recall","SVC","RF",-0.383551675774816,0.0631619959358834,-0.507346913000813,-0.25975643854882,-6.07250721088936,1.25928442042794e-09
"within_behaviour_rarity","model",NA,"Burst_4","uncorrected","uncommon","recall","XGB","RF",0.0181818747752338,0.0781860262738907,-0.135059920815894,0.171423670366362,0.232546346728781,0.816113694165542
"within_behaviour_rarity","model",NA,"Burst_4","uncorrected","uncommon","recall","CatEmbed","RF",0.000738217488860493,0.0783128601280861,-0.152752167888511,0.154228602866232,0.00942651676433587,0.992478839199164
"within_behaviour_rarity","model",NA,"Burst_4","uncorrected","uncommon","recall","GANDALF","RF",-0.0461049892326578,0.0783042213204831,-0.199578442858258,0.107368464392942,-0.58879315131632,0.556000040653125
"within_behaviour_rarity","model",NA,"Burst_4","uncorrected","uncommon","recall","TabPFN","RF",0.0230687914103478,0.0781378280821914,-0.13007853746093,0.176216120281625,0.295232053111103,0.767816617827737
"within_behaviour_rarity","model",NA,"Burst_4","uncorrected","uncommon","recall","LSTM","RF",-0.210359488009138,0.0742147856529269,-0.355817795009235,-0.0649011810090415,-2.83446871345699,0.00459019523348987
"within_behaviour_rarity","model",NA,"Burst_4","uncorrected","uncommon","recall","TSSeq","RF",-0.00907565453768111,0.0783530896726078,-0.16264488837343,0.144493579298067,-0.115830206257379,0.907787110504627
"within_behaviour_rarity","model",NA,"Burst_4","uncorrected","uncommon","recall","HydraRocket","RF",0.0448160896580748,0.0778558549294633,-0.107778581989248,0.197410761305398,0.575629022360332,0.564865959887159
"within_behaviour_rarity","model",NA,"Burst_4","uncorrected","uncommon","recall","XGB","SVC",0.40173355055005,0.0630221466415455,0.278212412904219,0.525254688195881,6.3744821774322,1.83582162372769e-10
"within_behaviour_rarity","model",NA,"Burst_4","uncorrected","uncommon","recall","CatEmbed","SVC",0.384289893263677,0.0631581795131304,0.260502136088826,0.508077650438528,6.08456254163855,1.16809800016699e-09
"within_behaviour_rarity","model",NA,"Burst_4","uncorrected","uncommon","recall","GANDALF","SVC",0.337446686542158,0.0630902053627855,0.213792156253863,0.461101216830454,5.34863826487408,8.86184620574895e-08
"within_behaviour_rarity","model",NA,"Burst_4","uncorrected","uncommon","recall","TabPFN","SVC",0.406620467185164,0.0629682890701259,0.28320488843961,0.530036045930718,6.45754352214212,1.06416153774676e-10
"within_behaviour_rarity","model",NA,"Burst_4","uncorrected","uncommon","recall","LSTM","SVC",0.173192187765678,0.0577303660112943,0.0600427495692262,0.28634162596213,3.00001887623223,0.00269962875479784
"within_behaviour_rarity","model",NA,"Burst_4","uncorrected","uncommon","recall","TSSeq","SVC",0.374476021237135,0.0631961290847516,0.250613884268678,0.498338158205592,5.92561643664804,3.11128035976853e-09
"within_behaviour_rarity","model",NA,"Burst_4","uncorrected","uncommon","recall","HydraRocket","SVC",0.428367765432891,0.0626445301432729,0.305586742523643,0.55114878834214,6.83807132806617,8.02664331761407e-12
"within_behaviour_rarity","model",NA,"Burst_4","uncorrected","uncommon","recall","CatEmbed","XGB",-0.0174436572863733,0.078182170433899,-0.170677895569988,0.135790580997241,-0.223115541427971,0.823445582904141
"within_behaviour_rarity","model",NA,"Burst_4","uncorrected","uncommon","recall","GANDALF","XGB",-0.0642868640078916,0.0781765246976382,-0.217510036851769,0.0889363088359854,-0.822329519718773,0.410889380301164
"within_behaviour_rarity","model",NA,"Burst_4","uncorrected","uncommon","recall","TabPFN","XGB",0.00488691663511398,0.0780054178994197,-0.148000893046745,0.157774726316973,0.0626484257980026,0.950046466913836
"within_behaviour_rarity","model",NA,"Burst_4","uncorrected","uncommon","recall","LSTM","XGB",-0.228541362784372,0.0740905192183821,-0.373756112048274,-0.0833266135204704,-3.0846235820098,0.00203809917870874
"within_behaviour_rarity","model",NA,"Burst_4","uncorrected","uncommon","recall","TSSeq","XGB",-0.0272575293129149,0.078223136131628,-0.18057205888868,0.12605700026285,-0.348458661476421,0.727495754064965
"within_behaviour_rarity","model",NA,"Burst_4","uncorrected","uncommon","recall","HydraRocket","XGB",0.026634214882841,0.0777215755082871,-0.125697273935112,0.178965703700794,0.34268753185531,0.731833543532219
"within_behaviour_rarity","model",NA,"Burst_4","uncorrected","uncommon","recall","GANDALF","CatEmbed",-0.0468432067215183,0.0783005332823117,-0.200309431925129,0.106623018482092,-0.598248884878289,0.549673877480905
"within_behaviour_rarity","model",NA,"Burst_4","uncorrected","uncommon","recall","TabPFN","CatEmbed",0.0223305739214873,0.0781339556396464,-0.13080916510187,0.175470312944844,0.285798584478122,0.775032392352801
"within_behaviour_rarity","model",NA,"Burst_4","uncorrected","uncommon","recall","LSTM","CatEmbed",-0.211097705497999,0.0742113232935164,-0.356549226398349,-0.0656461845976481,-2.84454846146695,0.00444744198856608
"within_behaviour_rarity","model",NA,"Burst_4","uncorrected","uncommon","recall","TSSeq","CatEmbed",-0.0098138720265416,0.0783493468111739,-0.163375769988681,0.143748025935597,-0.125257866542188,0.900319407040962
"within_behaviour_rarity","model",NA,"Burst_4","uncorrected","uncommon","recall","HydraRocket","CatEmbed",0.0440778721692143,0.0778519115951713,-0.108509070684918,0.196664815023346,0.566175849328127,0.571274245612516
"within_behaviour_rarity","model",NA,"Burst_4","uncorrected","uncommon","recall","TabPFN","GANDALF",0.0691737806430056,0.0781291123061678,-0.0839564656211685,0.22230402690718,0.885377788140372,0.375952908098063
"within_behaviour_rarity","model",NA,"Burst_4","uncorrected","uncommon","recall","LSTM","GANDALF",-0.16425449877648,0.0741671153123161,-0.309619373625849,-0.0188896239271117,-2.2146540024485,0.0267838223252392
"within_behaviour_rarity","model",NA,"Burst_4","uncorrected","uncommon","recall","TSSeq","GANDALF",0.0370293346949767,0.0783392104539897,-0.116512696372147,0.1905713657621,0.472679447244683,0.636441891919076
"within_behaviour_rarity","model",NA,"Burst_4","uncorrected","uncommon","recall","HydraRocket","GANDALF",0.0909210788907326,0.077850632283387,-0.0616633565583771,0.243505514339842,1.1678913352915,0.242850599652804
"within_behaviour_rarity","model",NA,"Burst_4","uncorrected","uncommon","recall","LSTM","TabPFN",-0.233428279419486,0.0740432974517323,-0.378550475721468,-0.0883060831175043,-3.15259162480783,0.001618280260595
"within_behaviour_rarity","model",NA,"Burst_4","uncorrected","uncommon","recall","TSSeq","TabPFN",-0.0321444459480289,0.078175115257265,-0.185364856339536,0.121075964443478,-0.411185143024674,0.680936781475257
"within_behaviour_rarity","model",NA,"Burst_4","uncorrected","uncommon","recall","HydraRocket","TabPFN",0.021747298247727,0.0776723177631833,-0.130487647163863,0.173982243659317,0.279987759783773,0.779486895752422
"within_behaviour_rarity","model",NA,"Burst_4","uncorrected","uncommon","recall","TSSeq","LSTM",0.201283833471457,0.0742464747998552,0.0557634168846801,0.346804250058234,2.7110220924839,0.00670761569116917
"within_behaviour_rarity","model",NA,"Burst_4","uncorrected","uncommon","recall","HydraRocket","LSTM",0.255175577667213,0.0737618701662919,0.110604968708961,0.399746186625465,3.45945102926396,0.000541277693104241
"within_behaviour_rarity","model",NA,"Burst_4","uncorrected","uncommon","recall","HydraRocket","TSSeq",0.0538917441957559,0.0778939698058437,-0.0987776312365481,0.20656111962806,0.691860285591876,0.489025073157048
"within_behaviour_rarity","model",NA,"Burst_4","uncorrected","rare","recall","SVC","RF",-0.390115845275655,0.0585870013002831,-0.504944257786411,-0.275287432764899,-6.65874403224952,2.76177433822633e-11
"within_behaviour_rarity","model",NA,"Burst_4","uncorrected","rare","recall","XGB","RF",0.0294348529794444,0.0783198446231746,-0.124069221756751,0.18293892771564,0.375828796916877,0.707044177790359
"within_behaviour_rarity","model",NA,"Burst_4","uncorrected","rare","recall","CatEmbed","RF",-0.0645282732918487,0.0772652437670912,-0.215965368332055,0.0869088217483579,-0.835152652677355,0.403631764232015
"within_behaviour_rarity","model",NA,"Burst_4","uncorrected","rare","recall","GANDALF","RF",-0.167855148105475,0.0736987998527662,-0.312302141520723,-0.0234081546902278,-2.27758319593823,0.0227514226259964
"within_behaviour_rarity","model",NA,"Burst_4","uncorrected","rare","recall","TabPFN","RF",0.0994545792346623,0.0777712136636656,-0.0529741985800916,0.251883357049416,1.27880965912105,0.200964091666525
"within_behaviour_rarity","model",NA,"Burst_4","uncorrected","rare","recall","LSTM","RF",-0.297043658241199,0.0657110105870702,-0.425834872379587,-0.168252444102811,-4.52045487639552,6.17068974138147e-06
"within_behaviour_rarity","model",NA,"Burst_4","uncorrected","rare","recall","TSSeq","RF",-0.188654641187538,0.0726705539738021,-0.331086309712764,-0.0462229726623122,-2.59602591244246,0.00943089525939969
"within_behaviour_rarity","model",NA,"Burst_4","uncorrected","rare","recall","HydraRocket","RF",0.127284043738813,0.0772353490355223,-0.0240944587041908,0.278662546181817,1.64800244095838,0.0993521702866457
"within_behaviour_rarity","model",NA,"Burst_4","uncorrected","rare","recall","XGB","SVC",0.419550698255099,0.058758120835927,0.30438689761743,0.534714498892769,7.14030149852188,9.31264261774519e-13
"within_behaviour_rarity","model",NA,"Burst_4","uncorrected","rare","recall","CatEmbed","SVC",0.325587571983806,0.0572626483995569,0.213354843461294,0.437820300506318,5.68586296798535,1.30153729765228e-08
"within_behaviour_rarity","model",NA,"Burst_4","uncorrected","rare","recall","GANDALF","SVC",0.222260697170179,0.0522605248826462,0.119831950587033,0.324689443753325,4.25293656482168,2.10985358216475e-05
"within_behaviour_rarity","model",NA,"Burst_4","uncorrected","rare","recall","TabPFN","SVC",0.489570424510317,0.0580856703067219,0.375724602691275,0.60341624632936,8.42841998594725,3.50363612223011e-17
"within_behaviour_rarity","model",NA,"Burst_4","uncorrected","rare","recall","LSTM","SVC",0.0930721870344555,0.0401290211228736,0.0144207508987762,0.171723623170135,2.31932363237747,0.0203774949744051
"within_behaviour_rarity","model",NA,"Burst_4","uncorrected","rare","recall","TSSeq","SVC",0.201461204088116,0.0507839334274579,0.101926523577019,0.300995884599214,3.96702638986979,7.27749370732301e-05
"within_behaviour_rarity","model",NA,"Burst_4","uncorrected","rare","recall","HydraRocket","SVC",0.517399889014468,0.0573901557468613,0.404917250683476,0.629882527345461,9.01548152781873,1.96007457280435e-19
"within_behaviour_rarity","model",NA,"Burst_4","uncorrected","rare","recall","CatEmbed","XGB",-0.0939631262712932,0.0773824801705611,-0.245630000439978,0.0577037478973915,-1.21426873452733,0.224645120709265
"within_behaviour_rarity","model",NA,"Burst_4","uncorrected","rare","recall","GANDALF","XGB",-0.19729000108492,0.0738319661894712,-0.341997995724062,-0.0525820064457773,-2.67214881666058,0.00753672162934462
"within_behaviour_rarity","model",NA,"Burst_4","uncorrected","rare","recall","TabPFN","XGB",0.0700197262552179,0.0778706822942966,-0.0826040064931644,0.2226434590036,0.899179565302797,0.368557023021973
"within_behaviour_rarity","model",NA,"Burst_4","uncorrected","rare","recall","LSTM","XGB",-0.326478511220644,0.065869164744508,-0.455579701811615,-0.197377320629673,-4.95646957854987,7.17856010210673e-07
"within_behaviour_rarity","model",NA,"Burst_4","uncorrected","rare","recall","TSSeq","XGB",-0.218089494166983,0.0728074202853348,-0.36078941573351,-0.0753895726004556,-2.99542949485482,0.0027405865039826
"within_behaviour_rarity","model",NA,"Burst_4","uncorrected","rare","recall","HydraRocket","XGB",0.0978491907593689,0.0773326561556754,-0.0537200301345746,0.249418411653312,1.26530233957557,0.205762968226866
"within_behaviour_rarity","model",NA,"Burst_4","uncorrected","rare","recall","GANDALF","CatEmbed",-0.103326874813627,0.0726568920282434,-0.245731766417599,0.0390780167903457,-1.42212076417281,0.1549911958658
"within_behaviour_rarity","model",NA,"Burst_4","uncorrected","rare","recall","TabPFN","CatEmbed",0.163982852526511,0.0768430867779873,0.0133731699807698,0.314592535072252,2.13399616546229,0.0328430947072183
"within_behaviour_rarity","model",NA,"Burst_4","uncorrected","rare","recall","LSTM","CatEmbed",-0.23251538494935,0.0645208169801706,-0.358973862483585,-0.106056907415116,-3.60372660843415,0.000313687008909507
"within_behaviour_rarity","model",NA,"Burst_4","uncorrected","rare","recall","TSSeq","CatEmbed",-0.12412636789569,0.0716096941043041,-0.264478789284056,0.0162260534926767,-1.73337380431889,0.0830292504884006
"within_behaviour_rarity","model",NA,"Burst_4","uncorrected","rare","recall","HydraRocket","CatEmbed",0.191812317030662,0.0763069432744364,0.0422534564424258,0.341371177618898,2.5136941515376,0.0119473995840166
"within_behaviour_rarity","model",NA,"Burst_4","uncorrected","rare","recall","TabPFN","GANDALF",0.267309727340138,0.0732909287156865,0.1236621466639,0.410957308016376,3.6472416440116,0.000265070617363105
"within_behaviour_rarity","model",NA,"Burst_4","uncorrected","rare","recall","LSTM","GANDALF",-0.129188510135724,0.0601063894573343,-0.246994868712837,-0.0113821515586106,-2.14933073342272,0.0316081919260377
"within_behaviour_rarity","model",NA,"Burst_4","uncorrected","rare","recall","TSSeq","GANDALF",-0.0207994930820629,0.0676803850531657,-0.153450610246071,0.111851624081945,-0.30731936684054,0.758600295887809
"within_behaviour_rarity","model",NA,"Burst_4","uncorrected","rare","recall","HydraRocket","GANDALF",0.295139191844289,0.0727381975373392,0.152574944370744,0.437703439317834,4.05755437770894,4.95892733940054e-05
"within_behaviour_rarity","model",NA,"Burst_4","uncorrected","rare","recall","LSTM","TabPFN",-0.396498237475861,0.0652832502665079,-0.524451056791932,-0.268545418159791,-6.07350638727735,1.25147019195853e-09
"within_behaviour_rarity","model",NA,"Burst_4","uncorrected","rare","recall","TSSeq","TabPFN",-0.288109220422201,0.0722630529373783,-0.429742201592373,-0.146476239252028,-3.98695057447781,6.69279611675361e-05
"within_behaviour_rarity","model",NA,"Burst_4","uncorrected","rare","recall","HydraRocket","TabPFN",0.027829464504151,0.0767452873104541,-0.122588534607518,0.17824746361582,0.362621152118094,0.716887907180346
"within_behaviour_rarity","model",NA,"Burst_4","uncorrected","rare","recall","TSSeq","LSTM",0.108389017053661,0.0588236428290158,-0.0069032043306579,0.22368123843798,1.8426097371888,0.065386011218663
"within_behaviour_rarity","model",NA,"Burst_4","uncorrected","rare","recall","HydraRocket","LSTM",0.424327701980013,0.0646703860004599,0.297576074552808,0.551079329407217,6.56139120581397,5.33080619523958e-11
"within_behaviour_rarity","model",NA,"Burst_4","uncorrected","rare","recall","HydraRocket","TSSeq",0.315938684926352,0.0717041027836571,0.175401225926625,0.456476143926078,4.4061451529432,1.05226463635395e-05
